/* A noter que l'item nécessite un gob pour être lancé, on va d'abord placer ces gobs */
INSERT INTO `gameobject` (`id`, `map`, `position_x`, `position_y`, `position_z`, `orientation`, `rotation0`, `rotation1`, `rotation2`, `rotation3`, `spawntimesecsmin`, `spawntimesecsmax`, `animprogress`, `state`) VALUES (300046, 30, -283.303, -319.038, 4.89198, 1.7789, 0, 0, 0.776727, 0.629838, 25, 25, 100, 1);
INSERT INTO `gameobject` (`id`, `map`, `position_x`, `position_y`, `position_z`, `orientation`, `rotation0`, `rotation1`, `rotation2`, `rotation3`, `spawntimesecsmin`, `spawntimesecsmax`, `animprogress`, `state`) VALUES (300039, 30, -283.303, -319.038, 4.89198, 1.7789, 0, 0, 0.776727, 0.629838, 25, 25, 100, 1);
INSERT INTO `gameobject` (`id`, `map`, `position_x`, `position_y`, `position_z`, `orientation`, `rotation0`, `rotation1`, `rotation2`, `rotation3`, `spawntimesecsmin`, `spawntimesecsmax`, `animprogress`, `state`) VALUES (300047, 30, -237.043, -257.606, 4.01985, 0.67699, 0, 0, 0.332068, 0.943256, 25, 25, 100, 1);
INSERT INTO `gameobject` (`id`, `map`, `position_x`, `position_y`, `position_z`, `orientation`, `rotation0`, `rotation1`, `rotation2`, `rotation3`, `spawntimesecsmin`, `spawntimesecsmax`, `animprogress`, `state`) VALUES (300040, 30, -237.043, -257.606, 4.01985, 0.67699, 0, 0, 0.332068, 0.943256, 25, 25, 100, 1);
INSERT INTO `gameobject` (`id`, `map`, `position_x`, `position_y`, `position_z`, `orientation`, `rotation0`, `rotation1`, `rotation2`, `rotation3`, `spawntimesecsmin`, `spawntimesecsmax`, `animprogress`, `state`) VALUES (300045, 30, -204.586, -113.444, 78.556, 5.79622, 0, 0, 0.241085, -0.970504, 25, 25, 100, 1);
INSERT INTO `gameobject` (`id`, `map`, `position_x`, `position_y`, `position_z`, `orientation`, `rotation0`, `rotation1`, `rotation2`, `rotation3`, `spawntimesecsmin`, `spawntimesecsmax`, `animprogress`, `state`) VALUES (300041, 30, -204.586, -113.444, 78.556, 5.79622, 0, 0, 0.241085, -0.970504, 25, 25, 100, 1);
/* Aerie Gryphon - Correction du creature_template : Faction Stormpike - Fly over everything - Unattackable and Passive - Can't melee - Flyspeed to 5 - EventAI */
UPDATE `mangos`.`creature_template` SET `FactionAlliance`='1216', `FactionHorde`='1216', `InhabitType`='7', `UnitFlags`='33408', `ExtraFlags`='131072', `SpeedWalk`='5', `AIName`='EventAI' WHERE  `Entry`=13161;
/* Aerie Gryphon - Ajout de l'EventAI : */
INSERT INTO `creature_ai_scripts` VALUES (13161, 11, 0, 100, 0, 0, 0, 0, 0, 21, 0, 0, 0, 0, 0, 0, 0, 0, 0, 0, 0, 'Aerie Gryphon - Should not go in melee range');
INSERT INTO `creature_ai_scripts` VALUES (13161, 0, 0, 100, 33, 5000, 10000, 5000, 10000, 11, 21188, 4, 0, 11, 22088, 4, 0, 0, 0, 0, 0, 'Aerie Gryphon - Cast Random spell in combat');
INSERT INTO `creature_ai_scripts` VALUES (13161, 10, 0, 100, 33, 1, 100, 5000, 10000, 11, 21188, 4, 0, 11, 22088, 4, 0, 0, 0, 0, 0, 'Aerie Gryphon - Cast Random spell at aggro');
INSERT INTO `creature_ai_scripts` VALUES (13161, 11, 0, 100, 0, 0, 0, 0, 0, 11, 4986, 0, 39, 0, 0, 0, 0, 0, 0, 0, 0, 'Aerie Gryphon - Invisible before Event');
/* On va passer aux script de chacun des events */
/*-----SLIDORE-----*/
/* We may update Slidore's creature_template first */
UPDATE `mangos`.`creature_template` SET `NpcFlags`='1', `ExtraFlags`='2', `SpeedWalk`='1.33', `SpeedRun`='1.33', `MovementType`='0', `ScriptName`='npc_wing_commander_slidore'  WHERE  `Entry`=13438;
/* Then update him in creature */
UPDATE `mangos`.`creature` SET `position_x`='-769.243', `position_y`='-357.501', `position_z`='68.6808', `orientation`='1.06813', `MovementType`='0' WHERE  `guid`=150111;
/* Il nous faut quelques variables */
SET @SlidoreB:= ( SELECT MAX(guid) FROM gameobject )+1;
SET @SlidoreG:= ( SELECT MAX(guid) FROM creature )+1;
/* On commence par mettre en place l'event lancé par l'item (Slidore's Beacon) */
/* On a besoin de mettre en place le GOB mais qu'il ne soit pas spawn de base */
INSERT INTO `gameobject` VALUES (@SlidoreB ,178725, 30, -283.484, -319.142, 4.90878, 1.15373, 0, 0, 0.545401, 0.838175, -7200, -7200, 100, 1);
/* A l'utilisation du GOB (par la horde) il faut tuer le trigger qui sert de check */
INSERT INTO `dbscripts_on_go_template_use` VALUES (178725, 0, 18, 0, 0, 0, 15384, 10, 1, 0, 0, 0, 0, 0, 0, 0, 0, 'Slidore\'s Beacon - Kill trigger at use');
/* On spawn le trigger qui va servir de check */
INSERT INTO `dbscripts_on_event` VALUES (7323, 0, 10, 15384, 0, 0, 0, 0, 0, 0, 0, 0, 0, 0, 0, 0, 0, 'Slidore\'s Beacon - Trigger\'s spawn');
/* On fait apparaître le GOB */
INSERT INTO `dbscripts_on_event` VALUES (7323, 0, 9, @SlidoreB, 60, 0, 0, 0, 0, 0, 0, 0, 0, 0, 0, 0, 0, 'Slidore\'s Beacon - Beacon\'s spawn');
/* On check si le trigger est encore là avant de faire apparaître le Gryphon */
INSERT INTO `dbscripts_on_event` VALUES (7323, 59, 31, 15384, 10, 0, 0, 0, 0, 0, 0, 0, 0, 0, 0, 0, 0, 'Slidore\'s Beacon - IF Trigger = Dead then stop event');
/* Si c'est bon, on rend le gryphon visible et on lui retire le flag "passif" */
INSERT INTO `dbscripts_on_event` VALUES (7323, 60, 5, 46, 512, 0, 13161, @SlidoreG, 80, 0, 0, 0, 0, 0, 0, 0, 0, 'Slidore\'s Beacon - Gryphon Spawn - Remove Passive Flag');
INSERT INTO `dbscripts_on_event` VALUES (7323, 60, 14, 4986, 0, 0, 13161, @SlidoreG, 80, 0, 0, 0, 0, 0, 0, 0, 0, 'Slidore\'s Beacon - Gryphon Spawn - Set visible');
/* GOB : Il faut corriger le gameobject_template pour qu'il ne soit utilisable que par la horde */
UPDATE `mangos`.`gameobject_template` SET `faction`='29' WHERE  `entry`=178725;
/* Il faut maintenant pop le gryphon, et lui mettre des waypoints */
INSERT INTO `creature` VALUES (@SlidoreG, 13161, 30, 0, 0, -278.499, -325.661, 30, 3.66701, 1000000, 1000000, 100, 1, 19800, 0, 0, 2);
INSERT INTO `creature_movement` VALUES (@SlidoreG, 1, -284.228, -327.893, 31, 0, 0, 0, 0, 0, 0, 0, 0, 0, 3.69293, 0, 0);
INSERT INTO `creature_movement` VALUES (@SlidoreG, 2, -297.629, -337.22, 30, 0, 0, 0, 0, 0, 0, 0, 0, 0, 4.1359, 0, 0);
INSERT INTO `creature_movement` VALUES (@SlidoreG, 3, -305.727, -352.608, 30, 0, 0, 0, 0, 0, 0, 0, 0, 0, 4.54038, 0, 0);
INSERT INTO `creature_movement` VALUES (@SlidoreG, 4, -310.019, -383.775, 30, 0, 0, 0, 0, 0, 0, 0, 0, 0, 4.69903, 0, 0);
INSERT INTO `creature_movement` VALUES (@SlidoreG, 5, -328.602, -405.588, 34, 0, 0, 0, 0, 0, 0, 0, 0, 0, 3.43454, 0, 0);
INSERT INTO `creature_movement` VALUES (@SlidoreG, 6, -307.162, -453.496, 47, 0, 0, 0, 0, 0, 0, 0, 0, 0, 6.04457, 0, 0);
INSERT INTO `creature_movement` VALUES (@SlidoreG, 7, -267.788, -463.598, 54, 0, 0, 0, 0, 0, 0, 0, 0, 0, 0.15487, 0, 0);
INSERT INTO `creature_movement` VALUES (@SlidoreG, 8, -216.391, -459.402, 51, 0, 0, 0, 0, 0, 0, 0, 0, 0, 5.95739, 0, 0);
INSERT INTO `creature_movement` VALUES (@SlidoreG, 9, -123.523, -480.853, 50, 0, 0, 0, 0, 0, 0, 0, 0, 0, 0.382636, 0, 0);
INSERT INTO `creature_movement` VALUES (@SlidoreG, 10, -93.8998, -429.329, 41, 0, 0, 0, 0, 0, 0, 0, 0, 0, 1.42329, 0, 0);
INSERT INTO `creature_movement` VALUES (@SlidoreG, 11, -79.8892, -386.675, 38, 0, 0, 0, 0, 0, 0, 0, 0, 0, 0.723499, 0, 0);
INSERT INTO `creature_movement` VALUES (@SlidoreG, 12, -63.6874, -342.076, 36, 0, 0, 0, 0, 0, 0, 0, 0, 0, 2.05004, 0, 0);
INSERT INTO `creature_movement` VALUES (@SlidoreG, 13, -107.688, -309.433, 33, 0, 0, 0, 0, 0, 0, 0, 0, 0, 2.93597, 0, 0);
INSERT INTO `creature_movement` VALUES (@SlidoreG, 14, -149.517, -313.773, 34, 0, 0, 0, 0, 0, 0, 0, 0, 0, 3.11975, 0, 0);
INSERT INTO `creature_movement` VALUES (@SlidoreG, 15, -209.825, -321.678, 31, 0, 0, 0, 0, 0, 0, 0, 0, 0, 3.15745, 0, 0);
INSERT INTO `creature_movement` VALUES (@SlidoreG, 16, -243.406, -324.81, 30, 0, 0, 0, 0, 0, 0, 0, 0, 0, 3.15745, 0, 0);
INSERT INTO `creature_movement` VALUES (@SlidoreG, 17, -260.945, -327.447, 30, 0, 0, 0, 0, 0, 0, 0, 0, 0, 3.33024, 0, 0);
/*-----VIPORE-----*/
/* creature template and creature update */
UPDATE `mangos`.`creature_template` SET `NpcFlags`='1', `ExtraFlags`='2', `SpeedWalk`='1.33', `SpeedRun`='1.33', `MovementType`='0', `ScriptName`='npc_wing_commander_vipore'  WHERE  `Entry`=13439;
UPDATE `mangos`.`creature` SET `MovementType`='0' WHERE  `guid`=53637;
/* Il nous faut quelques variables */
SET @ViporeB:= ( SELECT MAX(guid) FROM gameobject )+1;
SET @ViporeG:= ( SELECT MAX(guid) FROM creature )+1;
/* On commence par mettre en place l'event lancé par l'item (Vipore's Beacon) */
/* On a besoin de mettre en place le GOB mais qu'il ne soit pas spawn de base */
INSERT INTO `gameobject` VALUES (@ViporeB ,178724, 30, -237.455, -258.548, 3.8066, 2.5973, 0, 0, 0.963196, 0.268799, -7200, -7200, 100, 1);
/* A l'utilisation du GOB (par la horde) il faut tuer le trigger qui sert de check */
INSERT INTO `dbscripts_on_go_template_use` VALUES (178724, 0, 18, 0, 0, 0, 15384, 10, 1, 0, 0, 0, 0, 0, 0, 0, 0, 'Vipore\'s Beacon - Kill trigger at use');
/* On spawn le trigger qui va servir de check */
INSERT INTO `dbscripts_on_event` VALUES (7327, 0, 10, 15384, 0, 0, 0, 0, 0, 0, 0, 0, 0, 0, 0, 0, 0, 'Vipore\'s Beacon - Trigger\'s spawn');
/* On fait apparaître le GOB */
INSERT INTO `dbscripts_on_event` VALUES (7327, 0, 9, @ViporeB, 60, 0, 0, 0, 0, 0, 0, 0, 0, 0, 0, 0, 0, 'Vipore\'s Beacon - Beacon\'s spawn');
/* On check si le trigger est encore là avant de faire apparaître le Gryphon */
INSERT INTO `dbscripts_on_event` VALUES (7327, 59, 31, 15384, 10, 0, 0, 0, 0, 0, 0, 0, 0, 0, 0, 0, 0, 'Vipore\'s Beacon - IF Trigger = Dead then stop event');
/* Si c'est bon, on rend le gryphon visible et on lui retire le flag "passif" */
INSERT INTO `dbscripts_on_event` VALUES (7327, 60, 5, 46, 512, 0, 13161, @ViporeG, 80, 0, 0, 0, 0, 0, 0, 0, 0, 'Vipore\'s Beacon - Gryphon Spawn - Remove Passive Flag');
INSERT INTO `dbscripts_on_event` VALUES (7327, 60, 14, 4986, 0, 0, 13161, @ViporeG, 80, 0, 0, 0, 0, 0, 0, 0, 0, 'Vipore\'s Beacon - Gryphon Spawn - Set visible');
/* GOB : Il faut corriger le gameobject_template pour qu'il ne soit utilisable que par la horde */
UPDATE `mangos`.`gameobject_template` SET `faction`='29' WHERE  `entry`=178724;
/* Il faut maintenant pop le gryphon, et lui mettre des waypoints */   /* Modif des WP IG */
INSERT INTO `creature` VALUES (@ViporeG, 13161, 30, 0, 0, -184.141, -278.208, 31.66758, 2.23994, 1000000, 1000000, 100, 1, 19800, 0, 0, 2);
INSERT INTO `creature_movement` VALUES (@ViporeG, 1, -191.532, -269.701, 31.6676, 0, 0, 0, 0, 0, 0, 0, 0, 0, 2.38603, 0, 0);
INSERT INTO `creature_movement` VALUES (@ViporeG, 2, -207.455, -254.701, 31.6676, 0, 0, 0, 0, 0, 0, 0, 0, 0, 2.38603, 0, 0);
INSERT INTO `creature_movement` VALUES (@ViporeG, 3, -227.262, -238.423, 31.6676, 0, 0, 0, 0, 0, 0, 0, 0, 0, 2.42373, 0, 0);
INSERT INTO `creature_movement` VALUES (@ViporeG, 4, -248.238, -220.949, 31.8277, 0, 0, 0, 0, 0, 0, 0, 0, 0, 2.53447, 0, 0);
INSERT INTO `creature_movement` VALUES (@ViporeG, 5, -265.744, -208.788, 32.4038, 0, 0, 0, 0, 0, 0, 0, 0, 0, 2.53447, 0, 0);
INSERT INTO `creature_movement` VALUES (@ViporeG, 6, -286.134, -192.451, 33.2528, 0, 0, 0, 0, 0, 0, 0, 0, 0, 2.31535, 0, 0);
INSERT INTO `creature_movement` VALUES (@ViporeG, 7, -301.183, -181.605, 34.2074, 0, 0, 0, 0, 0, 0, 0, 0, 0, 2.26587, 0, 0);
INSERT INTO `creature_movement` VALUES (@ViporeG, 8, -312.116, -164.267, 34.2762, 0, 0, 0, 0, 0, 0, 0, 0, 0, 1.8606, 0, 0);
INSERT INTO `creature_movement` VALUES (@ViporeG, 9, -312.454, -139.865, 37.9976, 0, 0, 0, 0, 0, 0, 0, 0, 0, 1.67682, 0, 0);
INSERT INTO `creature_movement` VALUES (@ViporeG, 10, -312.668, -106.122, 44.6445, 0, 0, 0, 0, 0, 0, 0, 0, 0, 1.64147, 0, 0);
INSERT INTO `creature_movement` VALUES (@ViporeG, 11, -318.721, -81.8502, 50.0354, 0, 0, 0, 0, 0, 0, 0, 0, 0, 1.75222, 0, 0);
INSERT INTO `creature_movement` VALUES (@ViporeG, 12, -312.813, -64.7138, 52.5257, 0, 0, 0, 0, 0, 0, 0, 0, 0, 0.8333, 0, 0);
INSERT INTO `creature_movement` VALUES (@ViporeG, 13, -287.952, -49.9546, 56.3879, 0, 0, 0, 0, 0, 0, 0, 0, 0, 0.4783, 0, 0);
INSERT INTO `creature_movement` VALUES (@ViporeG, 14, -260.572, -44.1391, 61.6446, 0, 0, 0, 0, 0, 0, 0, 0, 0, 0.011773, 0, 0);
INSERT INTO `creature_movement` VALUES (@ViporeG, 15, -238.684, -46.6273, 62.792, 0, 0, 0, 0, 0, 0, 0, 0, 0, 6.07426, 0, 0);
INSERT INTO `creature_movement` VALUES (@ViporeG, 16, -217.501, -56.3464, 63.1325, 0, 0, 0, 0, 0, 0, 0, 0, 0, 5.96352, 0, 0);
INSERT INTO `creature_movement` VALUES (@ViporeG, 17, -195.032, -64.7979, 60.1933, 0, 0, 0, 0, 0, 0, 0, 0, 0, 5.74204, 0, 0);
INSERT INTO `creature_movement` VALUES (@ViporeG, 18, -167.897, -78.7873, 56.4536, 0, 0, 0, 0, 0, 0, 0, 0, 0, 5.669, 0, 0);
INSERT INTO `creature_movement` VALUES (@ViporeG, 19, -144.824, -97.7801, 54.2753, 0, 0, 0, 0, 0, 0, 0, 0, 0, 5.37447, 0, 0);
INSERT INTO `creature_movement` VALUES (@ViporeG, 20, -137.397, -118.844, 51.4326, 0, 0, 0, 0, 0, 0, 0, 0, 0, 5.00691, 0, 0);
INSERT INTO `creature_movement` VALUES (@ViporeG, 21, -132.539, -148.989, 44.2745, 0, 0, 0, 0, 0, 0, 0, 0, 0, 4.93622, 0, 0);
INSERT INTO `creature_movement` VALUES (@ViporeG, 22, -123.792, -187.413, 43.0181, 0, 0, 0, 0, 0, 0, 0, 0, 0, 4.93622, 0, 0);
INSERT INTO `creature_movement` VALUES (@ViporeG, 23, -112.332, -224.877, 43.089, 0, 0, 0, 0, 0, 0, 0, 0, 0, 5.15534, 0, 0);
INSERT INTO `creature_movement` VALUES (@ViporeG, 24, -106.027, -249.378, 33.3359, 0, 0, 0, 0, 0, 0, 0, 0, 0, 4.05657, 0, 0);
INSERT INTO `creature_movement` VALUES (@ViporeG, 25, -123.358, -271.902, 31.6889, 0, 0, 0, 0, 0, 0, 0, 0, 0, 4.05657, 0, 0);
INSERT INTO `creature_movement` VALUES (@ViporeG, 26, -140.173, -282.157, 31.8746, 0, 0, 0, 0, 0, 0, 0, 0, 0, 3.46753, 0, 0);
INSERT INTO `creature_movement` VALUES (@ViporeG, 27, -162.117, -288.688, 34.8808, 0, 0, 0, 0, 0, 0, 0, 0, 0, 3.24604, 0, 0);
INSERT INTO `creature_movement` VALUES (@ViporeG, 28, -183.624, -276.81, 31.6676, 0, 0, 0, 0, 0, 0, 0, 0, 0, 2.3499, 0, 0);
/*-----ICHMAN-----*/
/* creature template and creature update */
UPDATE `mangos`.`creature_template` SET `NpcFlags`='1', `ExtraFlags`='2', `SpeedWalk`='1.33', `SpeedRun`='1.33', `MovementType`='0', `ScriptName`='npc_wing_commander_ichman'  WHERE  `Entry`=13437;
UPDATE `mangos`.`creature` SET `MovementType`='0' WHERE  `guid`=53634;
/* Il nous faut quelques variables */
SET @IchmanB:= ( SELECT MAX(guid) FROM gameobject )+1;
SET @IchmanG:= ( SELECT MAX(guid) FROM creature )+1;
/* On commence par mettre en place l'event lancé par l'item (Ichman's Beacon) */
/* On a besoin de mettre en place le GOB mais qu'il ne soit pas spawn de base */
INSERT INTO `gameobject` VALUES (@IchmangameobjectB ,178726, 30, -200.77, -121.755, 78.3324, 2.24937, 0, 0, 0.902132, 0.431461, -7200, -7200, 100, 1);
/* A l'utilisation du GOB (par la horde) il faut tuer le trigger qui sert de check */
INSERT INTO `dbscripts_on_go_template_use` VALUES (178726, 0, 18, 0, 0, 0, 15384, 10, 1, 0, 0, 0, 0, 0, 0, 0, 0, 'Ichman\'s Beacon - Kill trigger at use');
/* On spawn le trigger qui va servir de check */
INSERT INTO `dbscripts_on_event` VALUES (7319, 0, 10, 15384, 0, 0, 0, 0, 0, 0, 0, 0, 0, 0, 0, 0, 0, 'Ichman\'s Beacon - Trigger\'s spawn');
/* On fait apparaître le GOB */
INSERT INTO `dbscripts_on_event` VALUES (7319, 0, 9, @IchmanB, 60, 0, 0, 0, 0, 0, 0, 0, 0, 0, 0, 0, 0, 'Ichman\'s Beacon - Beacon\'s spawn');
/* On check si le trigger est encore là avant de faire apparaître le Gryphon */
INSERT INTO `dbscripts_on_event` VALUES (7319, 59, 31, 15384, 10, 0, 0, 0, 0, 0, 0, 0, 0, 0, 0, 0, 0, 'Ichman\'s Beacon - IF Trigger = Dead then stop event');
/* Si c'est bon, on rend le gryphon visible et on lui retire le flag "passif" */
INSERT INTO `dbscripts_on_event` VALUES (7319, 60, 5, 46, 512, 0, 13161, @IchmanG, 80, 0, 0, 0, 0, 0, 0, 0, 0, 'Ichman\'s Beacon - Gryphon Spawn - Remove Passive Flag');
INSERT INTO `dbscripts_on_event` VALUES (7319, 60, 14, 4986, 0, 0, 13161, @IchmanG, 80, 0, 0, 0, 0, 0, 0, 0, 0, 'Ichman\'s Beacon - Gryphon Spawn - Set visible');
/* GOB : Il faut corriger le gameobject_template pour qu'il ne soit utilisable que par la horde */
UPDATE `mangos`.`gameobject_template` SET `faction`='29' WHERE  `entry`=178726;
/* Il faut maintenant pop le gryphon, et lui mettre des waypoints */
INSERT INTO `creature` VALUES (@IchmanG, 13161, 30, 0, 0, -155.255, -233.933, 34.1167, 5.10115, 1000000, 1000000, 100, 1, 19800, 0, 0, 2);
INSERT INTO `creature_movement` VALUES (@IchmanG, 1, -155.255, -233.933, 34.1167, 0, 0, 0, 0, 0, 0, 0, 0, 0, 5.10115, 0, 0);
INSERT INTO `creature_movement` VALUES (@IchmanG, 2, -149.482, -261.624, 32.0014, 0, 0, 0, 0, 0, 0, 0, 0, 0, 5.20011, 0, 0);
INSERT INTO `creature_movement` VALUES (@IchmanG, 3, -139.739, -279.99, 31.8071, 0, 0, 0, 0, 0, 0, 0, 0, 0, 5.49542, 0, 0);
INSERT INTO `creature_movement` VALUES (@IchmanG, 4, -120.677, -296.096, 34.4818, 0, 0, 0, 0, 0, 0, 0, 0, 0, 5.69648, 0, 0);
INSERT INTO `creature_movement` VALUES (@IchmanG, 5, -70.5448, -329.424, 36.9601, 0, 0, 0, 0, 0, 0, 0, 0, 0, 5.45143, 0, 0);
INSERT INTO `creature_movement` VALUES (@IchmanG, 6, -53.7316, -370.144, 37.8318, 0, 0, 0, 0, 0, 0, 0, 0, 0, 5.00847, 0, 0);
INSERT INTO `creature_movement` VALUES (@IchmanG, 7, -38.6372, -402.402, 51.1407, 0, 0, 0, 0, 0, 0, 0, 0, 0, 5.30064, 0, 0);
INSERT INTO `creature_movement` VALUES (@IchmanG, 8, -17.2163, -417.156, 68.076, 0, 0, 0, 0, 0, 0, 0, 0, 0, 0.183769, 0, 0);
INSERT INTO `creature_movement` VALUES (@IchmanG, 9, 12.1006, -404.535, 70.2768, 0, 0, 0, 0, 0, 0, 0, 0, 0, 0.662862, 0, 0);
INSERT INTO `creature_movement` VALUES (@IchmanG, 10, 48.0868, -390.481, 70.4177, 0, 0, 0, 0, 0, 0, 0, 0, 0, 6.2816, 0, 0);
INSERT INTO `creature_movement` VALUES (@IchmanG, 11, 106.599, -385.101, 70.0431, 0, 0, 0, 0, 0, 0, 0, 0, 0, 0.217541, 0, 0);
INSERT INTO `creature_movement` VALUES (@IchmanG, 12, 130.247, -381.595, 67.501, 0, 0, 0, 0, 0, 0, 0, 0, 0, 5.66585, 0, 0);
INSERT INTO `creature_movement` VALUES (@IchmanG, 13, 153.03, -396.224, 67.7663, 0, 0, 0, 0, 0, 0, 0, 0, 0, 5.96116, 0, 0);
INSERT INTO `creature_movement` VALUES (@IchmanG, 14, 203.822, -413.081, 67.4969, 0, 0, 0, 0, 0, 0, 0, 0, 0, 6.18107, 0, 0);
INSERT INTO `creature_movement` VALUES (@IchmanG, 15, 231.049, -415.871, 63.6913, 0, 0, 0, 0, 0, 0, 0, 0, 0, 0.045539, 0, 0);
INSERT INTO `creature_movement` VALUES (@IchmanG, 16, 258.254, -413.035, 54.5847, 0, 0, 0, 0, 0, 0, 0, 0, 0, 0.679355, 0, 0);
INSERT INTO `creature_movement` VALUES (@IchmanG, 17, 268.149, -403.012, 45.3331, 0, 0, 0, 0, 0, 0, 0, 0, 0, 0.958957, 0, 0);
INSERT INTO `creature_movement` VALUES (@IchmanG, 18, 289.457, -386.119, 29.7839, 0, 0, 0, 0, 0, 0, 0, 0, 0, 0.345561, 0, 0);
INSERT INTO `creature_movement` VALUES (@IchmanG, 19, 323.935, -385.487, 24.3556, 0, 0, 0, 0, 0, 0, 0, 0, 0, 6.13787, 0, 0);
INSERT INTO `creature_movement` VALUES (@IchmanG, 20, 345.614, -388.659, 24.5282, 0, 0, 0, 0, 0, 0, 0, 0, 0, 6.13787, 0, 0);
INSERT INTO `creature_movement` VALUES (@IchmanG, 21, 371.587, -392.46, 24.5788, 0, 0, 0, 0, 0, 0, 0, 0, 0, 0.146855, 0, 0);
INSERT INTO `creature_movement` VALUES (@IchmanG, 22, 392.223, -389.408, 23.7562, 0, 0, 0, 0, 0, 0, 0, 0, 0, 0.146855, 0, 0);
INSERT INTO `creature_movement` VALUES (@IchmanG, 23, 429.173, -380.715, 23.7562, 0, 0, 0, 0, 0, 0, 0, 0, 0, 0.291369, 0, 0);
INSERT INTO `creature_movement` VALUES (@IchmanG, 24, 462.862, -368.292, 23.7562, 0, 0, 0, 0, 0, 0, 0, 0, 0, 0.732763, 0, 0);
INSERT INTO `creature_movement` VALUES (@IchmanG, 25, 487.214, -346.378, 23.7562, 0, 0, 0, 0, 0, 0, 0, 0, 0, 0.732763, 0, 0);
INSERT INTO `creature_movement` VALUES (@IchmanG, 26, 508.617, -331.978, 23.9149, 0, 0, 0, 0, 0, 0, 0, 0, 0, 0.329853, 0, 0);
INSERT INTO `creature_movement` VALUES (@IchmanG, 27, 531.987, -322.531, 27.0078, 0, 0, 0, 0, 0, 0, 0, 0, 0, 0.179057, 0, 0);
INSERT INTO `creature_movement` VALUES (@IchmanG, 28, 550.907, -321.889, 36.4665, 0, 0, 0, 0, 0, 0, 0, 0, 0, 6.03813, 0, 0);
INSERT INTO `creature_movement` VALUES (@IchmanG, 29, 570.532, -326.797, 48.3342, 0, 0, 0, 0, 0, 0, 0, 0, 0, 5.69569, 0, 0);
INSERT INTO `creature_movement` VALUES (@IchmanG, 30, 581.91, -333.047, 54.3219, 0, 0, 0, 0, 0, 0, 0, 0, 0, 6.03813, 0, 0);
INSERT INTO `creature_movement` VALUES (@IchmanG, 31, 603.602, -336.595, 55.3833, 0, 0, 0, 0, 0, 0, 0, 0, 0, 0.308647, 0, 0);
INSERT INTO `creature_movement` VALUES (@IchmanG, 32, 613.81, -331.629, 55.3002, 0, 0, 0, 0, 0, 0, 0, 0, 0, 0.739046, 0, 0);
INSERT INTO `creature_movement` VALUES (@IchmanG, 33, 627.517, -319.08, 55.1346, 0, 0, 0, 0, 0, 0, 0, 0, 0, 1.05949, 0, 0);
INSERT INTO `creature_movement` VALUES (@IchmanG, 34, 635.477, -304.152, 55.1336, 0, 0, 0, 0, 0, 0, 0, 0, 0, 1.28097, 0, 0);
INSERT INTO `creature_movement` VALUES (@IchmanG, 35, 636.539, -288.457, 55.1375, 0, 0, 0, 0, 0, 0, 0, 0, 0, 1.57314, 0, 0);
INSERT INTO `creature_movement` VALUES (@IchmanG, 36, 631.295, -231.999, 62.4501, 0, 0, 0, 0, 0, 0, 0, 0, 0, 1.71765, 0, 0);
INSERT INTO `creature_movement` VALUES (@IchmanG, 37, 624.97, -189.239, 63.6482, 0, 0, 0, 0, 0, 0, 0, 0, 0, 1.71765, 0, 0);
INSERT INTO `creature_movement` VALUES (@IchmanG, 38, 619.193, -136.73, 58.4222, 0, 0, 0, 0, 0, 0, 0, 0, 0, 1.41056, 0, 0);
INSERT INTO `creature_movement` VALUES (@IchmanG, 39, 629.172, -109.923, 63.6512, 0, 0, 0, 0, 0, 0, 0, 0, 0, 2.15983, 0, 0);
INSERT INTO `creature_movement` VALUES (@IchmanG, 40, 607.655, -104.558, 65.6927, 0, 0, 0, 0, 0, 0, 0, 0, 0, 3.21541, 0, 0);
INSERT INTO `creature_movement` VALUES (@IchmanG, 41, 595.797, -124.459, 65.6989, 0, 0, 0, 0, 0, 0, 0, 0, 0, 5.64857, 0, 0);
INSERT INTO `creature_movement` VALUES (@IchmanG, 42, 616.27, -128.866, 59.2874, 0, 0, 0, 0, 0, 0, 0, 0, 0, 6.07897, 0, 0);
INSERT INTO `creature_movement` VALUES (@IchmanG, 43, 619.475, -141.584, 58.4467, 0, 0, 0, 0, 0, 0, 0, 0, 0, 4.79641, 0, 0);
INSERT INTO `creature_movement` VALUES (@IchmanG, 44, 622.231, -174.298, 62.244, 0, 0, 0, 0, 0, 0, 0, 0, 0, 4.79641, 0, 0);
INSERT INTO `creature_movement` VALUES (@IchmanG, 45, 627.508, -205.408, 64.0871, 0, 0, 0, 0, 0, 0, 0, 0, 0, 4.79641, 0, 0);
INSERT INTO `creature_movement` VALUES (@IchmanG, 46, 635.246, -265.657, 56.2364, 0, 0, 0, 0, 0, 0, 0, 0, 0, 4.87338, 0, 0);
INSERT INTO `creature_movement` VALUES (@IchmanG, 47, 636.719, -296.645, 55.134, 0, 0, 0, 0, 0, 0, 0, 0, 0, 4.49639, 0, 0);
INSERT INTO `creature_movement` VALUES (@IchmanG, 48, 630.852, -313.486, 55.134, 0, 0, 0, 0, 0, 0, 0, 0, 0, 4.07856, 0, 0);
INSERT INTO `creature_movement` VALUES (@IchmanG, 49, 618.599, -328.792, 55.134, 0, 0, 0, 0, 0, 0, 0, 0, 0, 3.79739, 0, 0);
INSERT INTO `creature_movement` VALUES (@IchmanG, 50, 607.965, -334.055, 55.5824, 0, 0, 0, 0, 0, 0, 0, 0, 0, 3.60261, 0, 0);
INSERT INTO `creature_movement` VALUES (@IchmanG, 51, 590.126, -336.244, 55.1336, 0, 0, 0, 0, 0, 0, 0, 0, 0, 2.64599, 0, 0);
INSERT INTO `creature_movement` VALUES (@IchmanG, 52, 573.453, -330.789, 50.3594, 0, 0, 0, 0, 0, 0, 0, 0, 0, 2.58552, 0, 0);
INSERT INTO `creature_movement` VALUES (@IchmanG, 53, 556.296, -322.753, 39.9139, 0, 0, 0, 0, 0, 0, 0, 0, 0, 2.88083, 0, 0);
INSERT INTO `creature_movement` VALUES (@IchmanG, 54, 537.669, -321.902, 29.1064, 0, 0, 0, 0, 0, 0, 0, 0, 0, 3.15179, 0, 0);
INSERT INTO `creature_movement` VALUES (@IchmanG, 55, 514.366, -329.276, 23.9157, 0, 0, 0, 0, 0, 0, 0, 0, 0, 3.50758, 0, 0);
INSERT INTO `creature_movement` VALUES (@IchmanG, 56, 493.982, -341.826, 23.8191, 0, 0, 0, 0, 0, 0, 0, 0, 0, 3.76676, 0, 0);
INSERT INTO `creature_movement` VALUES (@IchmanG, 57, 469.374, -363.325, 23.7562, 0, 0, 0, 0, 0, 0, 0, 0, 0, 3.74084, 0, 0);
INSERT INTO `creature_movement` VALUES (@IchmanG, 58, 438.955, -377.935, 23.7562, 0, 0, 0, 0, 0, 0, 0, 0, 0, 3.43454, 0, 0);
INSERT INTO `creature_movement` VALUES (@IchmanG, 59, 403.442, -386.524, 23.7562, 0, 0, 0, 0, 0, 0, 0, 0, 0, 3.44632, 0, 0);
INSERT INTO `creature_movement` VALUES (@IchmanG, 60, 371.312, -392.343, 24.6002, 0, 0, 0, 0, 0, 0, 0, 0, 0, 3.1243, 0, 0);
INSERT INTO `creature_movement` VALUES (@IchmanG, 61, 345.02, -388.383, 24.5087, 0, 0, 0, 0, 0, 0, 0, 0, 0, 2.93973, 0, 0);
INSERT INTO `creature_movement` VALUES (@IchmanG, 62, 324.611, -384.246, 24.2444, 0, 0, 0, 0, 0, 0, 0, 0, 0, 3.11331, 0, 0);
INSERT INTO `creature_movement` VALUES (@IchmanG, 63, 303.794, -383.657, 25.4425, 0, 0, 0, 0, 0, 0, 0, 0, 0, 3.11331, 0, 0);
INSERT INTO `creature_movement` VALUES (@IchmanG, 64, 281.501, -389.807, 33.1489, 0, 0, 0, 0, 0, 0, 0, 0, 0, 3.55392, 0, 0);
INSERT INTO `creature_movement` VALUES (@IchmanG, 65, 265.143, -402.089, 46.6721, 0, 0, 0, 0, 0, 0, 0, 0, 0, 4.13904, 0, 0);
INSERT INTO `creature_movement` VALUES (@IchmanG, 66, 257.787, -411.533, 54.2297, 0, 0, 0, 0, 0, 0, 0, 0, 0, 3.68272, 0, 0);
INSERT INTO `creature_movement` VALUES (@IchmanG, 67, 230.43, -417.404, 63.6764, 0, 0, 0, 0, 0, 0, 0, 0, 0, 2.88711, 0, 0);
INSERT INTO `creature_movement` VALUES (@IchmanG, 68, 202.959, -410.258, 67.6864, 0, 0, 0, 0, 0, 0, 0, 0, 0, 2.88711, 0, 0);
INSERT INTO `creature_movement` VALUES (@IchmanG, 69, 165.361, -398.877, 67.7709, 0, 0, 0, 0, 0, 0, 0, 0, 0, 2.9633, 0, 0);
INSERT INTO `creature_movement` VALUES (@IchmanG, 70, 137.883, -386.482, 67.436, 0, 0, 0, 0, 0, 0, 0, 0, 0, 2.57138, 0, 0);
INSERT INTO `creature_movement` VALUES (@IchmanG, 71, 120.057, -359.741, 68.0593, 0, 0, 0, 0, 0, 0, 0, 0, 0, 1.98076, 0, 0);
INSERT INTO `creature_movement` VALUES (@IchmanG, 72, 103.689, -325.41, 62.6608, 0, 0, 0, 0, 0, 0, 0, 0, 0, 1.90772, 0, 0);
INSERT INTO `creature_movement` VALUES (@IchmanG, 73, 95.0224, -300.669, 56.1359, 0, 0, 0, 0, 0, 0, 0, 0, 0, 1.90772, 0, 0);
INSERT INTO `creature_movement` VALUES (@IchmanG, 74, 85.5385, -276.28, 49.6315, 0, 0, 0, 0, 0, 0, 0, 0, 0, 2.05616, 0, 0);
INSERT INTO `creature_movement` VALUES (@IchmanG, 75, 68.5102, -257.939, 43.4821, 0, 0, 0, 0, 0, 0, 0, 0, 0, 2.71825, 0, 0);
INSERT INTO `creature_movement` VALUES (@IchmanG, 76, 44.3402, -247.75, 40.2915, 0, 0, 0, 0, 0, 0, 0, 0, 0, 3.06304, 0, 0);
INSERT INTO `creature_movement` VALUES (@IchmanG, 77, 19.388, -245.183, 39.0401, 0, 0, 0, 0, 0, 0, 0, 0, 0, 2.84156, 0, 0);
INSERT INTO `creature_movement` VALUES (@IchmanG, 78, -8.9612, -237.082, 35.931, 0, 0, 0, 0, 0, 0, 0, 0, 0, 3.13609, 0, 0);
INSERT INTO `creature_movement` VALUES (@IchmanG, 79, -33.7149, -231.655, 35.2128, 0, 0, 0, 0, 0, 0, 0, 0, 0, 3.29631, 0, 0);
INSERT INTO `creature_movement` VALUES (@IchmanG, 80, -56.4006, -235.193, 35.005, 0, 0, 0, 0, 0, 0, 0, 0, 0, 3.28845, 0, 0);
INSERT INTO `creature_movement` VALUES (@IchmanG, 81, -86.2163, -238.883, 34.3756, 0, 0, 0, 0, 0, 0, 0, 0, 0, 2.72689, 0, 0);
INSERT INTO `creature_movement` VALUES (@IchmanG, 82, -107.841, -227.449, 42.0123, 0, 0, 0, 0, 0, 0, 0, 0, 0, 2.76302, 0, 0);
INSERT INTO `creature_movement` VALUES (@IchmanG, 83, -133.95, -214.095, 34.4934, 0, 0, 0, 0, 0, 0, 0, 0, 0, 3.28295, 0, 0);
INSERT INTO `creature_movement` VALUES (@IchmanG, 84, -150.126, -219.094, 42.5331, 0, 0, 0, 0, 0, 0, 0, 0, 0, 3.8508, 0, 0);

/* Bon, un peu plus bordelique pour le moment mais faudra ranger tout ça */
DELETE FROM `mangos`.`gossip_menu_option` WHERE  `menu_id`=5146;
DELETE FROM `mangos`.`gossip_menu_option` WHERE  `menu_id`=5147;
DELETE FROM `mangos`.`gossip_menu_option` WHERE  `menu_id`=5148;
INSERT INTO `gossip_menu` (`entry`, `text_id`, `script_id`, `condition_id`) VALUES (5246, 6278, 0, 0);
INSERT INTO `gossip_menu` (`entry`, `text_id`, `script_id`, `condition_id`) VALUES (5247, 7478, 0, 0);
INSERT INTO `gossip_menu` (`entry`, `text_id`, `script_id`, `condition_id`) VALUES (5248, 7479, 0, 0);
INSERT INTO `npc_text` (`ID`, `text0_0`, `text0_1`, `lang0`, `prob0`, `em0_0`, `em0_1`, `em0_2`, `em0_3`, `em0_4`, `em0_5`, `text1_0`, `text1_1`, `lang1`, `prob1`, `em1_0`, `em1_1`, `em1_2`, `em1_3`, `em1_4`, `em1_5`, `text2_0`, `text2_1`, `lang2`, `prob2`, `em2_0`, `em2_1`, `em2_2`, `em2_3`, `em2_4`, `em2_5`, `text3_0`, `text3_1`, `lang3`, `prob3`, `em3_0`, `em3_1`, `em3_2`, `em3_3`, `em3_4`, `em3_5`, `text4_0`, `text4_1`, `lang4`, `prob4`, `em4_0`, `em4_1`, `em4_2`, `em4_3`, `em4_4`, `em4_5`, `text5_0`, `text5_1`, `lang5`, `prob5`, `em5_0`, `em5_1`, `em5_2`, `em5_3`, `em5_4`, `em5_5`, `text6_0`, `text6_1`, `lang6`, `prob6`, `em6_0`, `em6_1`, `em6_2`, `em6_3`, `em6_4`, `em6_5`, `text7_0`, `text7_1`, `lang7`, `prob7`, `em7_0`, `em7_1`, `em7_2`, `em7_3`, `em7_4`, `em7_5`) VALUES (6278, 'I\'m ready to fly, Commander. Just give the word and I\'ll be on their base like trogg on rock.', NULL, 0, 1, 1, 0, 0, 0, 0, 0, NULL, NULL, 0, 0, 0, 0, 0, 0, 0, 0, NULL, NULL, 0, 0, 0, 0, 0, 0, 0, 0, NULL, NULL, 0, 0, 0, 0, 0, 0, 0, 0, NULL, NULL, 0, 0, 0, 0, 0, 0, 0, 0, NULL, NULL, 0, 0, 0, 0, 0, 0, 0, 0, NULL, NULL, 0, 0, 0, 0, 0, 0, 0, 0, NULL, NULL, 0, 0, 0, 0, 0, 0, 0, 0);
INSERT INTO `npc_text` (`ID`, `text0_0`, `text0_1`, `lang0`, `prob0`, `em0_0`, `em0_1`, `em0_2`, `em0_3`, `em0_4`, `em0_5`, `text1_0`, `text1_1`, `lang1`, `prob1`, `em1_0`, `em1_1`, `em1_2`, `em1_3`, `em1_4`, `em1_5`, `text2_0`, `text2_1`, `lang2`, `prob2`, `em2_0`, `em2_1`, `em2_2`, `em2_3`, `em2_4`, `em2_5`, `text3_0`, `text3_1`, `lang3`, `prob3`, `em3_0`, `em3_1`, `em3_2`, `em3_3`, `em3_4`, `em3_5`, `text4_0`, `text4_1`, `lang4`, `prob4`, `em4_0`, `em4_1`, `em4_2`, `em4_3`, `em4_4`, `em4_5`, `text5_0`, `text5_1`, `lang5`, `prob5`, `em5_0`, `em5_1`, `em5_2`, `em5_3`, `em5_4`, `em5_5`, `text6_0`, `text6_1`, `lang6`, `prob6`, `em6_0`, `em6_1`, `em6_2`, `em6_3`, `em6_4`, `em6_5`, `text7_0`, `text7_1`, `lang7`, `prob7`, `em7_0`, `em7_1`, `em7_2`, `em7_3`, `em7_4`, `em7_5`) VALUES (7478, 'Make the call, Commander, I\'ll tear the bottom half of their base apart.', NULL, 0, 1, 1, 0, 0, 0, 0, 0, NULL, NULL, 0, 0, 0, 0, 0, 0, 0, 0, NULL, NULL, 0, 0, 0, 0, 0, 0, 0, 0, NULL, NULL, 0, 0, 0, 0, 0, 0, 0, 0, NULL, NULL, 0, 0, 0, 0, 0, 0, 0, 0, NULL, NULL, 0, 0, 0, 0, 0, 0, 0, 0, NULL, NULL, 0, 0, 0, 0, 0, 0, 0, 0, NULL, NULL, 0, 0, 0, 0, 0, 0, 0, 0);
INSERT INTO `npc_text` (`ID`, `text0_0`, `text0_1`, `lang0`, `prob0`, `em0_0`, `em0_1`, `em0_2`, `em0_3`, `em0_4`, `em0_5`, `text1_0`, `text1_1`, `lang1`, `prob1`, `em1_0`, `em1_1`, `em1_2`, `em1_3`, `em1_4`, `em1_5`, `text2_0`, `text2_1`, `lang2`, `prob2`, `em2_0`, `em2_1`, `em2_2`, `em2_3`, `em2_4`, `em2_5`, `text3_0`, `text3_1`, `lang3`, `prob3`, `em3_0`, `em3_1`, `em3_2`, `em3_3`, `em3_4`, `em3_5`, `text4_0`, `text4_1`, `lang4`, `prob4`, `em4_0`, `em4_1`, `em4_2`, `em4_3`, `em4_4`, `em4_5`, `text5_0`, `text5_1`, `lang5`, `prob5`, `em5_0`, `em5_1`, `em5_2`, `em5_3`, `em5_4`, `em5_5`, `text6_0`, `text6_1`, `lang6`, `prob6`, `em6_0`, `em6_1`, `em6_2`, `em6_3`, `em6_4`, `em6_5`, `text7_0`, `text7_1`, `lang7`, `prob7`, `em7_0`, `em7_1`, `em7_2`, `em7_3`, `em7_4`, `em7_5`) VALUES (7479, 'I\'ll patrol the pass leading up to Frostwolf Keep. Just give me the word and I\'ll take flight, Commander.', '', 0, 1, 1, 0, 0, 0, 0, 0, '', '', 0, 0, 0, 0, 0, 0, 0, 0, '', '', 0, 0, 0, 0, 0, 0, 0, 0, '', '', 0, 0, 0, 0, 0, 0, 0, 0, '', '', 0, 0, 0, 0, 0, 0, 0, 0, '', '', 0, 0, 0, 0, 0, 0, 0, 0, '', '', 0, 0, 0, 0, 0, 0, 0, 0, '', '', 0, 0, 0, 0, 0, 0, 0, 0);
INSERT INTO `gossip_texts` (`entry`, `content_default`, `content_loc1`, `content_loc2`, `content_loc3`, `content_loc4`, `content_loc5`, `content_loc6`, `content_loc7`, `content_loc8`, `comment`) VALUES (-3134371, 'I got your back, Ichman. GO GO GO!', NULL, NULL, NULL, NULL, NULL, NULL, NULL, NULL, 'Ichman GOSSIP_ITEM_ICHMAN_ESCORT');
INSERT INTO `gossip_texts` (`entry`, `content_default`, `content_loc1`, `content_loc2`, `content_loc3`, `content_loc4`, `content_loc5`, `content_loc6`, `content_loc7`, `content_loc8`, `comment`) VALUES (-3134372, 'I\'m your man, Ich. Give me a beacon!', NULL, NULL, NULL, NULL, NULL, NULL, NULL, NULL, 'Ichman GOSSIP_ITEM_ICHMAN_BEACON');
INSERT INTO `gossip_texts` (`entry`, `content_default`, `content_loc1`, `content_loc2`, `content_loc3`, `content_loc4`, `content_loc5`, `content_loc6`, `content_loc7`, `content_loc8`, `comment`) VALUES (-3134373, 'Take the base. We\'ll be sieging it from the ground.', NULL, NULL, NULL, NULL, NULL, NULL, NULL, NULL, 'Ichman GOSSIP_ITEM_ICHMAN_FLIGHT');
INSERT INTO `gossip_texts` (`entry`, `content_default`, `content_loc1`, `content_loc2`, `content_loc3`, `content_loc4`, `content_loc5`, `content_loc6`, `content_loc7`, `content_loc8`, `comment`) VALUES (-3134381, 'I got your back, Slidore, but to be honest, you do stink. Take a shower, man.', NULL, NULL, NULL, NULL, NULL, NULL, NULL, NULL, 'Slidore GOSSIP_ITEM_SLIDORE_ESCORT');
INSERT INTO `gossip_texts` (`entry`, `content_default`, `content_loc1`, `content_loc2`, `content_loc3`, `content_loc4`, `content_loc5`, `content_loc6`, `content_loc7`, `content_loc8`, `comment`) VALUES (-3134382, 'Give me the beacon, Slidore! Also, you still stink!', NULL, NULL, NULL, NULL, NULL, NULL, NULL, NULL, 'Slidore GOSSIP_ITEM_SLIDORE_BEACON');
INSERT INTO `gossip_texts` (`entry`, `content_default`, `content_loc1`, `content_loc2`, `content_loc3`, `content_loc4`, `content_loc5`, `content_loc6`, `content_loc7`, `content_loc8`, `comment`) VALUES (-3134383, 'I want a surgical strike, Slidore. Carpet the road with fire!', NULL, NULL, NULL, NULL, NULL, NULL, NULL, NULL, 'Slidore GOSSIP_ITEM_SLIDORE_FLIGHT');
INSERT INTO `gossip_texts` (`entry`, `content_default`, `content_loc1`, `content_loc2`, `content_loc3`, `content_loc4`, `content_loc5`, `content_loc6`, `content_loc7`, `content_loc8`, `comment`) VALUES (-3134391, 'I got you covered, Vipore. Move out!', NULL, NULL, NULL, NULL, NULL, NULL, NULL, NULL, 'vipore GOSSIP_ITEM_VIPORE_ESCORT');
INSERT INTO `gossip_texts` (`entry`, `content_default`, `content_loc1`, `content_loc2`, `content_loc3`, `content_loc4`, `content_loc5`, `content_loc6`, `content_loc7`, `content_loc8`, `comment`) VALUES (-3134392, 'I am ready to rock, Vipore! Give me a beacon.', NULL, NULL, NULL, NULL, NULL, NULL, NULL, NULL, 'vipore GOSSIP_ITEM_VIPORE_BEACON');
INSERT INTO `gossip_texts` (`entry`, `content_default`, `content_loc1`, `content_loc2`, `content_loc3`, `content_loc4`, `content_loc5`, `content_loc6`, `content_loc7`, `content_loc8`, `comment`) VALUES (-3134393, 'Tactical suppression fire, Vipore. Lay it on thick.', NULL, NULL, NULL, NULL, NULL, NULL, NULL, NULL, 'vipore GOSSIP_ITEM_VIPORE_FLIGHT');
INSERT INTO `script_texts` (`entry`, `content_default`, `content_loc1`, `content_loc2`, `content_loc3`, `content_loc4`, `content_loc5`, `content_loc6`, `content_loc7`, `content_loc8`, `sound`, `type`, `language`, `emote`, `comment`) VALUES (-1134393, 'Senior Wing Commander Vipore launching. Pray for a swift death, Frostwolf.', NULL, NULL, NULL, NULL, NULL, NULL, NULL, NULL, 0, 1, 0, 5, 'npc_wing_commander_vipore SAY_VIPORE_START_PATROL');
INSERT INTO `script_texts` (`entry`, `content_default`, `content_loc1`, `content_loc2`, `content_loc3`, `content_loc4`, `content_loc5`, `content_loc6`, `content_loc7`, `content_loc8`, `sound`, `type`, `language`, `emote`, `comment`) VALUES (-1134392, 'Their spirits are restored! The gryphons are ready to strike! Come, soldiers! Come to my side!', NULL, NULL, NULL, NULL, NULL, NULL, NULL, NULL, 0, 1, 0, 5, 'npc_wing_commander_vipore SAY_VIPORE_FLIGHT_READY');
INSERT INTO `script_texts` (`entry`, `content_default`, `content_loc1`, `content_loc2`, `content_loc3`, `content_loc4`, `content_loc5`, `content_loc6`, `content_loc7`, `content_loc8`, `sound`, `type`, `language`, `emote`, `comment`) VALUES (-1134391, 'We\'ve got no time to waste. This is a realy long run! Cover me!', NULL, NULL, NULL, NULL, NULL, NULL, NULL, NULL, 0, 0, 0, 5, 'npc_wing_commander_vipore SAY_VIPORE_START_ESCORT');
INSERT INTO `script_texts` (`entry`, `content_default`, `content_loc1`, `content_loc2`, `content_loc3`, `content_loc4`, `content_loc5`, `content_loc6`, `content_loc7`, `content_loc8`, `sound`, `type`, `language`, `emote`, `comment`) VALUES (-1134383, 'I\'m coming Frostwolf, and this time you\'re gonna feel the flames!', NULL, NULL, NULL, NULL, NULL, NULL, NULL, NULL, 0, 1, 0, 5, 'npc_wing_commander_slidore - SAY_START_PATROL');
INSERT INTO `script_texts` (`entry`, `content_default`, `content_loc1`, `content_loc2`, `content_loc3`, `content_loc4`, `content_loc5`, `content_loc6`, `content_loc7`, `content_loc8`, `sound`, `type`, `language`, `emote`, `comment`) VALUES (-1134382, 'My flight is ready! Soldiers come to my aid!', NULL, NULL, NULL, NULL, NULL, NULL, NULL, NULL, 0, 1, 0, 5, 'npc_wing_commander_slidore - SAY_FLIGHT_READY');
INSERT INTO `script_texts` (`entry`, `content_default`, `content_loc1`, `content_loc2`, `content_loc3`, `content_loc4`, `content_loc5`, `content_loc6`, `content_loc7`, `content_loc8`, `sound`, `type`, `language`, `emote`, `comment`) VALUES (-1134381, 'Cover me, I\'m making a break for it!', NULL, NULL, NULL, NULL, NULL, NULL, NULL, NULL, 0, 0, 0, 5, 'npc_wing_commander_slidore - SAY_START_ESCORT');
INSERT INTO `script_texts` (`entry`, `content_default`, `content_loc1`, `content_loc2`, `content_loc3`, `content_loc4`, `content_loc5`, `content_loc6`, `content_loc7`, `content_loc8`, `sound`, `type`, `language`, `emote`, `comment`) VALUES (-1134374, 'This is far enough! Meet me back at base!', NULL, NULL, NULL, NULL, NULL, NULL, NULL, NULL, 0, 0, 0, 0, 'ichman SAY_ICHMAN_TELEPORT');
INSERT INTO `script_texts` (`entry`, `content_default`, `content_loc1`, `content_loc2`, `content_loc3`, `content_loc4`, `content_loc5`, `content_loc6`, `content_loc7`, `content_loc8`, `sound`, `type`, `language`, `emote`, `comment`) VALUES (-1134373, 'Drek\'Thar, I\'m coming for you!', NULL, NULL, NULL, NULL, NULL, NULL, NULL, NULL, 0, 1, 0, 5, 'ichman SAY_ICHMAN_START_PATROL');
INSERT INTO `script_texts` (`entry`, `content_default`, `content_loc1`, `content_loc2`, `content_loc3`, `content_loc4`, `content_loc5`, `content_loc6`, `content_loc7`, `content_loc8`, `sound`, `type`, `language`, `emote`, `comment`) VALUES (-1134372, 'Soldiers of Stormpike, come to my aid! The beacon must be planted.', NULL, NULL, NULL, NULL, NULL, NULL, NULL, NULL, 0, 1, 0, 5, 'ichman SAY_ICHMAN_FLIGHT_READY');
INSERT INTO `script_texts` (`entry`, `content_default`, `content_loc1`, `content_loc2`, `content_loc3`, `content_loc4`, `content_loc5`, `content_loc6`, `content_loc7`, `content_loc8`, `sound`, `type`, `language`, `emote`, `comment`) VALUES (-1134371, 'Just get me close enough to our base and I can channel a teleport!', NULL, NULL, NULL, NULL, NULL, NULL, NULL, NULL, 0, 0, 0, 0, 'ichman SAY_ICHMAN_START_ESCORT');
INSERT INTO `script_waypoint` (`entry`, `pointid`, `location_x`, `location_y`, `location_z`, `waittime`, `point_comment`) VALUES (13437, 1, -1300.88, -268.343, 91.8656, 0, '');
INSERT INTO `script_waypoint` (`entry`, `pointid`, `location_x`, `location_y`, `location_z`, `waittime`, `point_comment`) VALUES (13437, 2, -1308.3, -270.148, 92.0892, 0, '');
INSERT INTO `script_waypoint` (`entry`, `pointid`, `location_x`, `location_y`, `location_z`, `waittime`, `point_comment`) VALUES (13437, 3, -1317.78, -272.34, 91.2085, 0, '');
INSERT INTO `script_waypoint` (`entry`, `pointid`, `location_x`, `location_y`, `location_z`, `waittime`, `point_comment`) VALUES (13437, 4, -1319.28, -283.771, 90.5528, 0, '');
INSERT INTO `script_waypoint` (`entry`, `pointid`, `location_x`, `location_y`, `location_z`, `waittime`, `point_comment`) VALUES (13437, 5, -1318.38, -287.568, 90.3807, 0, '');
INSERT INTO `script_waypoint` (`entry`, `pointid`, `location_x`, `location_y`, `location_z`, `waittime`, `point_comment`) VALUES (13437, 6, -1309.74, -288.541, 90.6801, 0, '');
INSERT INTO `script_waypoint` (`entry`, `pointid`, `location_x`, `location_y`, `location_z`, `waittime`, `point_comment`) VALUES (13437, 7, -1297.7, -288.693, 90.5621, 0, '');
INSERT INTO `script_waypoint` (`entry`, `pointid`, `location_x`, `location_y`, `location_z`, `waittime`, `point_comment`) VALUES (13437, 8, -1284.62, -288.857, 88.6225, 0, '');
INSERT INTO `script_waypoint` (`entry`, `pointid`, `location_x`, `location_y`, `location_z`, `waittime`, `point_comment`) VALUES (13437, 9, -1274.21, -285.535, 83.3717, 0, '');
INSERT INTO `script_waypoint` (`entry`, `pointid`, `location_x`, `location_y`, `location_z`, `waittime`, `point_comment`) VALUES (13437, 10, -1264.83, -279.834, 75.1525, 0, '');
INSERT INTO `script_waypoint` (`entry`, `pointid`, `location_x`, `location_y`, `location_z`, `waittime`, `point_comment`) VALUES (13437, 11, -1258.5, -273.832, 72.9662, 0, '');
INSERT INTO `script_waypoint` (`entry`, `pointid`, `location_x`, `location_y`, `location_z`, `waittime`, `point_comment`) VALUES (13437, 12, -1253.84, -268.499, 72.9186, 0, '');
INSERT INTO `script_waypoint` (`entry`, `pointid`, `location_x`, `location_y`, `location_z`, `waittime`, `point_comment`) VALUES (13437, 13, -1249.5, -262.252, 73.3704, 0, '');
INSERT INTO `script_waypoint` (`entry`, `pointid`, `location_x`, `location_y`, `location_z`, `waittime`, `point_comment`) VALUES (13437, 14, -1246.21, -256.553, 73.327, 0, '');
INSERT INTO `script_waypoint` (`entry`, `pointid`, `location_x`, `location_y`, `location_z`, `waittime`, `point_comment`) VALUES (13437, 15, -1239.95, -252.216, 73.327, 0, '');
INSERT INTO `script_waypoint` (`entry`, `pointid`, `location_x`, `location_y`, `location_z`, `waittime`, `point_comment`) VALUES (13437, 16, -1232.45, -250.836, 73.327, 0, '');
INSERT INTO `script_waypoint` (`entry`, `pointid`, `location_x`, `location_y`, `location_z`, `waittime`, `point_comment`) VALUES (13437, 17, -1219.37, -252.325, 73.1623, 0, '');
INSERT INTO `script_waypoint` (`entry`, `pointid`, `location_x`, `location_y`, `location_z`, `waittime`, `point_comment`) VALUES (13437, 18, -1210.68, -253.316, 72.6912, 0, '');
INSERT INTO `script_waypoint` (`entry`, `pointid`, `location_x`, `location_y`, `location_z`, `waittime`, `point_comment`) VALUES (13437, 19, -1201.51, -258.356, 72.445, 0, '');
INSERT INTO `script_waypoint` (`entry`, `pointid`, `location_x`, `location_y`, `location_z`, `waittime`, `point_comment`) VALUES (13437, 20, -1197.5, -266.132, 72.3647, 0, '');
INSERT INTO `script_waypoint` (`entry`, `pointid`, `location_x`, `location_y`, `location_z`, `waittime`, `point_comment`) VALUES (13437, 21, -1197.62, -276.917, 72.1281, 0, '');
INSERT INTO `script_waypoint` (`entry`, `pointid`, `location_x`, `location_y`, `location_z`, `waittime`, `point_comment`) VALUES (13437, 22, -1203.87, -287.144, 71.9959, 0, '');
INSERT INTO `script_waypoint` (`entry`, `pointid`, `location_x`, `location_y`, `location_z`, `waittime`, `point_comment`) VALUES (13437, 23, -1209.31, -292.591, 71.2587, 0, '');
INSERT INTO `script_waypoint` (`entry`, `pointid`, `location_x`, `location_y`, `location_z`, `waittime`, `point_comment`) VALUES (13437, 24, -1217.45, -300.737, 68.726, 0, '');
INSERT INTO `script_waypoint` (`entry`, `pointid`, `location_x`, `location_y`, `location_z`, `waittime`, `point_comment`) VALUES (13437, 25, -1228.29, -311.582, 63.2191, 0, '');
INSERT INTO `script_waypoint` (`entry`, `pointid`, `location_x`, `location_y`, `location_z`, `waittime`, `point_comment`) VALUES (13437, 26, -1235.59, -319.633, 60.9761, 0, '');
INSERT INTO `script_waypoint` (`entry`, `pointid`, `location_x`, `location_y`, `location_z`, `waittime`, `point_comment`) VALUES (13437, 27, -1242.95, -331.829, 59.6556, 0, '');
INSERT INTO `script_waypoint` (`entry`, `pointid`, `location_x`, `location_y`, `location_z`, `waittime`, `point_comment`) VALUES (13437, 28, -1246.96, -339.591, 59.2529, 0, '');
INSERT INTO `script_waypoint` (`entry`, `pointid`, `location_x`, `location_y`, `location_z`, `waittime`, `point_comment`) VALUES (13437, 29, -1247.26, -349.457, 59.4885, 0, '');
INSERT INTO `script_waypoint` (`entry`, `pointid`, `location_x`, `location_y`, `location_z`, `waittime`, `point_comment`) VALUES (13437, 30, -1245.32, -359.42, 59.6933, 0, '');
INSERT INTO `script_waypoint` (`entry`, `pointid`, `location_x`, `location_y`, `location_z`, `waittime`, `point_comment`) VALUES (13437, 31, -1240.29, -365.203, 59.5208, 0, '');
INSERT INTO `script_waypoint` (`entry`, `pointid`, `location_x`, `location_y`, `location_z`, `waittime`, `point_comment`) VALUES (13437, 32, -1231.87, -367.003, 58.4327, 0, '');
INSERT INTO `script_waypoint` (`entry`, `pointid`, `location_x`, `location_y`, `location_z`, `waittime`, `point_comment`) VALUES (13437, 33, -1220.39, -366.882, 57.3905, 0, '');
INSERT INTO `script_waypoint` (`entry`, `pointid`, `location_x`, `location_y`, `location_z`, `waittime`, `point_comment`) VALUES (13437, 34, -1205.64, -366.087, 54.7361, 0, '');
INSERT INTO `script_waypoint` (`entry`, `pointid`, `location_x`, `location_y`, `location_z`, `waittime`, `point_comment`) VALUES (13437, 35, -1191.55, -364.792, 52.5156, 0, '');
INSERT INTO `script_waypoint` (`entry`, `pointid`, `location_x`, `location_y`, `location_z`, `waittime`, `point_comment`) VALUES (13437, 36, -1180.65, -359.862, 52.4435, 0, '');
INSERT INTO `script_waypoint` (`entry`, `pointid`, `location_x`, `location_y`, `location_z`, `waittime`, `point_comment`) VALUES (13437, 37, -1169.15, -356.299, 51.802, 0, '');
INSERT INTO `script_waypoint` (`entry`, `pointid`, `location_x`, `location_y`, `location_z`, `waittime`, `point_comment`) VALUES (13437, 38, -1160.47, -353.412, 51.6406, 0, '');
INSERT INTO `script_waypoint` (`entry`, `pointid`, `location_x`, `location_y`, `location_z`, `waittime`, `point_comment`) VALUES (13437, 39, -1148.58, -351.869, 51.1263, 0, '');
INSERT INTO `script_waypoint` (`entry`, `pointid`, `location_x`, `location_y`, `location_z`, `waittime`, `point_comment`) VALUES (13437, 40, -1135.11, -351.772, 51.3052, 0, '');
INSERT INTO `script_waypoint` (`entry`, `pointid`, `location_x`, `location_y`, `location_z`, `waittime`, `point_comment`) VALUES (13437, 41, -1122.01, -357.128, 51.5012, 0, '');
INSERT INTO `script_waypoint` (`entry`, `pointid`, `location_x`, `location_y`, `location_z`, `waittime`, `point_comment`) VALUES (13437, 42, -1108.23, -363.855, 51.5012, 0, '');
INSERT INTO `script_waypoint` (`entry`, `pointid`, `location_x`, `location_y`, `location_z`, `waittime`, `point_comment`) VALUES (13437, 43, -1096.29, -366.239, 51.4236, 0, '');
INSERT INTO `script_waypoint` (`entry`, `pointid`, `location_x`, `location_y`, `location_z`, `waittime`, `point_comment`) VALUES (13437, 44, -1079.98, -365.134, 51.3889, 0, '');
INSERT INTO `script_waypoint` (`entry`, `pointid`, `location_x`, `location_y`, `location_z`, `waittime`, `point_comment`) VALUES (13437, 45, -1061.24, -364.607, 51.3997, 0, '');
INSERT INTO `script_waypoint` (`entry`, `pointid`, `location_x`, `location_y`, `location_z`, `waittime`, `point_comment`) VALUES (13437, 46, -1051.25, -376.832, 51.3205, 0, '');
INSERT INTO `script_waypoint` (`entry`, `pointid`, `location_x`, `location_y`, `location_z`, `waittime`, `point_comment`) VALUES (13437, 47, -1039.92, -386.636, 50.7686, 0, '');
INSERT INTO `script_waypoint` (`entry`, `pointid`, `location_x`, `location_y`, `location_z`, `waittime`, `point_comment`) VALUES (13437, 48, -1027.77, -392.74, 50.717, 0, '');
INSERT INTO `script_waypoint` (`entry`, `pointid`, `location_x`, `location_y`, `location_z`, `waittime`, `point_comment`) VALUES (13437, 49, -1015.07, -396.029, 50.7089, 0, '');
INSERT INTO `script_waypoint` (`entry`, `pointid`, `location_x`, `location_y`, `location_z`, `waittime`, `point_comment`) VALUES (13437, 50, -1001.82, -399.458, 50.3484, 0, '');
INSERT INTO `script_waypoint` (`entry`, `pointid`, `location_x`, `location_y`, `location_z`, `waittime`, `point_comment`) VALUES (13437, 51, -983.25, -398.676, 49.5452, 0, '');
INSERT INTO `script_waypoint` (`entry`, `pointid`, `location_x`, `location_y`, `location_z`, `waittime`, `point_comment`) VALUES (13437, 52, -966.417, -397.568, 49.2375, 0, '');
INSERT INTO `script_waypoint` (`entry`, `pointid`, `location_x`, `location_y`, `location_z`, `waittime`, `point_comment`) VALUES (13437, 53, -951.715, -393.227, 48.5545, 0, '');
INSERT INTO `script_waypoint` (`entry`, `pointid`, `location_x`, `location_y`, `location_z`, `waittime`, `point_comment`) VALUES (13437, 54, -936.209, -389.107, 48.9152, 0, '');
INSERT INTO `script_waypoint` (`entry`, `pointid`, `location_x`, `location_y`, `location_z`, `waittime`, `point_comment`) VALUES (13437, 55, -920.449, -384.841, 49.4856, 0, '');
INSERT INTO `script_waypoint` (`entry`, `pointid`, `location_x`, `location_y`, `location_z`, `waittime`, `point_comment`) VALUES (13437, 56, -906.561, -381.673, 48.8921, 0, '');
INSERT INTO `script_waypoint` (`entry`, `pointid`, `location_x`, `location_y`, `location_z`, `waittime`, `point_comment`) VALUES (13437, 57, -896.778, -381.561, 48.6853, 0, '');
INSERT INTO `script_waypoint` (`entry`, `pointid`, `location_x`, `location_y`, `location_z`, `waittime`, `point_comment`) VALUES (13437, 58, -884.311, -385.052, 48.5757, 0, '');
INSERT INTO `script_waypoint` (`entry`, `pointid`, `location_x`, `location_y`, `location_z`, `waittime`, `point_comment`) VALUES (13437, 59, -873.582, -389.114, 48.6157, 0, '');
INSERT INTO `script_waypoint` (`entry`, `pointid`, `location_x`, `location_y`, `location_z`, `waittime`, `point_comment`) VALUES (13437, 60, -862.266, -389.789, 49.0228, 0, '');
INSERT INTO `script_waypoint` (`entry`, `pointid`, `location_x`, `location_y`, `location_z`, `waittime`, `point_comment`) VALUES (13437, 61, -850.857, -390.423, 50.1884, 0, '');
INSERT INTO `script_waypoint` (`entry`, `pointid`, `location_x`, `location_y`, `location_z`, `waittime`, `point_comment`) VALUES (13437, 62, -842.303, -397.076, 51.1371, 0, '');
INSERT INTO `script_waypoint` (`entry`, `pointid`, `location_x`, `location_y`, `location_z`, `waittime`, `point_comment`) VALUES (13437, 63, -836.409, -405.544, 51.7285, 0, '');
INSERT INTO `script_waypoint` (`entry`, `pointid`, `location_x`, `location_y`, `location_z`, `waittime`, `point_comment`) VALUES (13437, 64, -830.604, -416.092, 52.4139, 0, '');
INSERT INTO `script_waypoint` (`entry`, `pointid`, `location_x`, `location_y`, `location_z`, `waittime`, `point_comment`) VALUES (13437, 65, -825.216, -428.634, 52.8076, 0, '');
INSERT INTO `script_waypoint` (`entry`, `pointid`, `location_x`, `location_y`, `location_z`, `waittime`, `point_comment`) VALUES (13437, 66, -820.893, -438.7, 53.9095, 0, '');
INSERT INTO `script_waypoint` (`entry`, `pointid`, `location_x`, `location_y`, `location_z`, `waittime`, `point_comment`) VALUES (13437, 67, -811.858, -446.658, 54.8728, 0, '');
INSERT INTO `script_waypoint` (`entry`, `pointid`, `location_x`, `location_y`, `location_z`, `waittime`, `point_comment`) VALUES (13437, 68, -802.786, -447.337, 55.5431, 0, '');
INSERT INTO `script_waypoint` (`entry`, `pointid`, `location_x`, `location_y`, `location_z`, `waittime`, `point_comment`) VALUES (13437, 69, -793.471, -444.383, 56.988, 0, '');
INSERT INTO `script_waypoint` (`entry`, `pointid`, `location_x`, `location_y`, `location_z`, `waittime`, `point_comment`) VALUES (13437, 70, -785.072, -437.35, 59.3269, 0, '');
INSERT INTO `script_waypoint` (`entry`, `pointid`, `location_x`, `location_y`, `location_z`, `waittime`, `point_comment`) VALUES (13437, 71, -777.954, -433.301, 61.3686, 0, '');
INSERT INTO `script_waypoint` (`entry`, `pointid`, `location_x`, `location_y`, `location_z`, `waittime`, `point_comment`) VALUES (13437, 72, -768.414, -431.036, 63.5519, 0, '');
INSERT INTO `script_waypoint` (`entry`, `pointid`, `location_x`, `location_y`, `location_z`, `waittime`, `point_comment`) VALUES (13437, 73, -754.442, -428.444, 65.9247, 0, '');
INSERT INTO `script_waypoint` (`entry`, `pointid`, `location_x`, `location_y`, `location_z`, `waittime`, `point_comment`) VALUES (13437, 74, -743.58, -423.266, 66.9747, 0, '');
INSERT INTO `script_waypoint` (`entry`, `pointid`, `location_x`, `location_y`, `location_z`, `waittime`, `point_comment`) VALUES (13437, 75, -733.66, -417.488, 67.5867, 0, '');
INSERT INTO `script_waypoint` (`entry`, `pointid`, `location_x`, `location_y`, `location_z`, `waittime`, `point_comment`) VALUES (13437, 76, -721.65, -407.486, 67.5995, 0, '');
INSERT INTO `script_waypoint` (`entry`, `pointid`, `location_x`, `location_y`, `location_z`, `waittime`, `point_comment`) VALUES (13437, 77, -717.051, -400.988, 67.5995, 0, '');
INSERT INTO `script_waypoint` (`entry`, `pointid`, `location_x`, `location_y`, `location_z`, `waittime`, `point_comment`) VALUES (13437, 78, -715.766, -388.489, 67.4892, 0, '');
INSERT INTO `script_waypoint` (`entry`, `pointid`, `location_x`, `location_y`, `location_z`, `waittime`, `point_comment`) VALUES (13437, 79, -712.396, -375.298, 67.1106, 0, '');
INSERT INTO `script_waypoint` (`entry`, `pointid`, `location_x`, `location_y`, `location_z`, `waittime`, `point_comment`) VALUES (13437, 80, -709.198, -366.007, 66.7744, 0, '');
INSERT INTO `script_waypoint` (`entry`, `pointid`, `location_x`, `location_y`, `location_z`, `waittime`, `point_comment`) VALUES (13437, 81, -697.858, -366.056, 66.0908, 0, '');
INSERT INTO `script_waypoint` (`entry`, `pointid`, `location_x`, `location_y`, `location_z`, `waittime`, `point_comment`) VALUES (13437, 82, -685.947, -372.794, 65.6841, 0, '');
INSERT INTO `script_waypoint` (`entry`, `pointid`, `location_x`, `location_y`, `location_z`, `waittime`, `point_comment`) VALUES (13437, 83, -673.054, -378.733, 65.4456, 0, '');
INSERT INTO `script_waypoint` (`entry`, `pointid`, `location_x`, `location_y`, `location_z`, `waittime`, `point_comment`) VALUES (13437, 84, -658.476, -384.966, 63.0811, 0, '');
INSERT INTO `script_waypoint` (`entry`, `pointid`, `location_x`, `location_y`, `location_z`, `waittime`, `point_comment`) VALUES (13437, 85, -643.414, -391.406, 60.0993, 0, '');
INSERT INTO `script_waypoint` (`entry`, `pointid`, `location_x`, `location_y`, `location_z`, `waittime`, `point_comment`) VALUES (13437, 86, -629.834, -397.213, 59.1108, 0, '');
INSERT INTO `script_waypoint` (`entry`, `pointid`, `location_x`, `location_y`, `location_z`, `waittime`, `point_comment`) VALUES (13437, 87, -623.452, -391.891, 58.7616, 0, '');
INSERT INTO `script_waypoint` (`entry`, `pointid`, `location_x`, `location_y`, `location_z`, `waittime`, `point_comment`) VALUES (13437, 88, -621.441, -375.626, 57.5267, 0, '');
INSERT INTO `script_waypoint` (`entry`, `pointid`, `location_x`, `location_y`, `location_z`, `waittime`, `point_comment`) VALUES (13437, 89, -621.474, -359.211, 56.2418, 0, '');
INSERT INTO `script_waypoint` (`entry`, `pointid`, `location_x`, `location_y`, `location_z`, `waittime`, `point_comment`) VALUES (13437, 90, -617.419, -346.969, 55.23, 0, '');
INSERT INTO `script_waypoint` (`entry`, `pointid`, `location_x`, `location_y`, `location_z`, `waittime`, `point_comment`) VALUES (13437, 91, -607.379, -336.972, 53.1682, 0, '');
INSERT INTO `script_waypoint` (`entry`, `pointid`, `location_x`, `location_y`, `location_z`, `waittime`, `point_comment`) VALUES (13437, 92, -597.463, -325.978, 50.2766, 0, '');
INSERT INTO `script_waypoint` (`entry`, `pointid`, `location_x`, `location_y`, `location_z`, `waittime`, `point_comment`) VALUES (13437, 93, -587.895, -318.796, 48.4283, 0, '');
INSERT INTO `script_waypoint` (`entry`, `pointid`, `location_x`, `location_y`, `location_z`, `waittime`, `point_comment`) VALUES (13437, 94, -577.037, -318.553, 45.5498, 0, '');
INSERT INTO `script_waypoint` (`entry`, `pointid`, `location_x`, `location_y`, `location_z`, `waittime`, `point_comment`) VALUES (13437, 95, -566.153, -323.453, 41.7473, 0, '');
INSERT INTO `script_waypoint` (`entry`, `pointid`, `location_x`, `location_y`, `location_z`, `waittime`, `point_comment`) VALUES (13437, 96, -556.275, -329.372, 39.0933, 0, '');
INSERT INTO `script_waypoint` (`entry`, `pointid`, `location_x`, `location_y`, `location_z`, `waittime`, `point_comment`) VALUES (13437, 97, -543.636, -336.947, 37.5749, 0, '');
INSERT INTO `script_waypoint` (`entry`, `pointid`, `location_x`, `location_y`, `location_z`, `waittime`, `point_comment`) VALUES (13437, 98, -530.395, -339.887, 35.2365, 0, '');
INSERT INTO `script_waypoint` (`entry`, `pointid`, `location_x`, `location_y`, `location_z`, `waittime`, `point_comment`) VALUES (13437, 99, -519.688, -338.116, 34.2888, 0, '');
INSERT INTO `script_waypoint` (`entry`, `pointid`, `location_x`, `location_y`, `location_z`, `waittime`, `point_comment`) VALUES (13437, 100, -512.458, -326.505, 33.1321, 0, '');
INSERT INTO `script_waypoint` (`entry`, `pointid`, `location_x`, `location_y`, `location_z`, `waittime`, `point_comment`) VALUES (13437, 101, -506.229, -314.976, 31.9921, 0, '');
INSERT INTO `script_waypoint` (`entry`, `pointid`, `location_x`, `location_y`, `location_z`, `waittime`, `point_comment`) VALUES (13437, 102, -500.711, -304.909, 31.6165, 0, '');
INSERT INTO `script_waypoint` (`entry`, `pointid`, `location_x`, `location_y`, `location_z`, `waittime`, `point_comment`) VALUES (13437, 103, -493.881, -292.448, 30.2684, 0, '');
INSERT INTO `script_waypoint` (`entry`, `pointid`, `location_x`, `location_y`, `location_z`, `waittime`, `point_comment`) VALUES (13437, 104, -486.208, -283.89, 27.8125, 0, '');
INSERT INTO `script_waypoint` (`entry`, `pointid`, `location_x`, `location_y`, `location_z`, `waittime`, `point_comment`) VALUES (13437, 105, -477.971, -281.153, 25.8175, 0, '');
INSERT INTO `script_waypoint` (`entry`, `pointid`, `location_x`, `location_y`, `location_z`, `waittime`, `point_comment`) VALUES (13437, 106, -465.151, -278.74, 23.2058, 0, '');
INSERT INTO `script_waypoint` (`entry`, `pointid`, `location_x`, `location_y`, `location_z`, `waittime`, `point_comment`) VALUES (13437, 107, -452.164, -278.245, 21.6313, 0, '');
INSERT INTO `script_waypoint` (`entry`, `pointid`, `location_x`, `location_y`, `location_z`, `waittime`, `point_comment`) VALUES (13437, 108, -441.833, -277.477, 20.68, 0, '');
INSERT INTO `script_waypoint` (`entry`, `pointid`, `location_x`, `location_y`, `location_z`, `waittime`, `point_comment`) VALUES (13437, 109, -428.22, -276.464, 20.3543, 0, '');
INSERT INTO `script_waypoint` (`entry`, `pointid`, `location_x`, `location_y`, `location_z`, `waittime`, `point_comment`) VALUES (13437, 110, -414.608, -275.451, 17.6939, 0, '');
INSERT INTO `script_waypoint` (`entry`, `pointid`, `location_x`, `location_y`, `location_z`, `waittime`, `point_comment`) VALUES (13437, 111, -403.718, -274.641, 14.552, 0, '');
INSERT INTO `script_waypoint` (`entry`, `pointid`, `location_x`, `location_y`, `location_z`, `waittime`, `point_comment`) VALUES (13437, 112, -390.106, -273.628, 12.4969, 0, '');
INSERT INTO `script_waypoint` (`entry`, `pointid`, `location_x`, `location_y`, `location_z`, `waittime`, `point_comment`) VALUES (13437, 113, -379.791, -270.087, 12.2427, 0, '');
INSERT INTO `script_waypoint` (`entry`, `pointid`, `location_x`, `location_y`, `location_z`, `waittime`, `point_comment`) VALUES (13437, 114, -371.713, -266.772, 12.2426, 0, '');
INSERT INTO `script_waypoint` (`entry`, `pointid`, `location_x`, `location_y`, `location_z`, `waittime`, `point_comment`) VALUES (13437, 115, -365.905, -258.835, 12.2426, 0, '');
INSERT INTO `script_waypoint` (`entry`, `pointid`, `location_x`, `location_y`, `location_z`, `waittime`, `point_comment`) VALUES (13438, 1, -769.243, -357.501, 68.6808, 0, '');
INSERT INTO `script_waypoint` (`entry`, `pointid`, `location_x`, `location_y`, `location_z`, `waittime`, `point_comment`) VALUES (13438, 2, -763.994, -351.964, 68.8111, 0, '');
INSERT INTO `script_waypoint` (`entry`, `pointid`, `location_x`, `location_y`, `location_z`, `waittime`, `point_comment`) VALUES (13438, 3, -755.968, -344.739, 67.3818, 0, '');
INSERT INTO `script_waypoint` (`entry`, `pointid`, `location_x`, `location_y`, `location_z`, `waittime`, `point_comment`) VALUES (13438, 4, -747.668, -341.97, 67.0058, 0, '');
INSERT INTO `script_waypoint` (`entry`, `pointid`, `location_x`, `location_y`, `location_z`, `waittime`, `point_comment`) VALUES (13438, 5, -732.968, -346.066, 66.6933, 0, '');
INSERT INTO `script_waypoint` (`entry`, `pointid`, `location_x`, `location_y`, `location_z`, `waittime`, `point_comment`) VALUES (13438, 6, -717.149, -355.73, 66.8013, 0, '');
INSERT INTO `script_waypoint` (`entry`, `pointid`, `location_x`, `location_y`, `location_z`, `waittime`, `point_comment`) VALUES (13438, 7, -694.794, -369.324, 66.1005, 0, '');
INSERT INTO `script_waypoint` (`entry`, `pointid`, `location_x`, `location_y`, `location_z`, `waittime`, `point_comment`) VALUES (13438, 8, -671.253, -380.841, 65.2394, 0, '');
INSERT INTO `script_waypoint` (`entry`, `pointid`, `location_x`, `location_y`, `location_z`, `waittime`, `point_comment`) VALUES (13438, 9, -656.809, -386.183, 62.6908, 0, '');
INSERT INTO `script_waypoint` (`entry`, `pointid`, `location_x`, `location_y`, `location_z`, `waittime`, `point_comment`) VALUES (13438, 10, -632.263, -394.888, 59.299, 0, '');
INSERT INTO `script_waypoint` (`entry`, `pointid`, `location_x`, `location_y`, `location_z`, `waittime`, `point_comment`) VALUES (13438, 11, -624.853, -393.753, 58.871, 0, '');
INSERT INTO `script_waypoint` (`entry`, `pointid`, `location_x`, `location_y`, `location_z`, `waittime`, `point_comment`) VALUES (13438, 12, -623.206, -376.33, 57.6793, 0, '');
INSERT INTO `script_waypoint` (`entry`, `pointid`, `location_x`, `location_y`, `location_z`, `waittime`, `point_comment`) VALUES (13438, 13, -621.355, -356.748, 56.031, 0, '');
INSERT INTO `script_waypoint` (`entry`, `pointid`, `location_x`, `location_y`, `location_z`, `waittime`, `point_comment`) VALUES (13438, 14, -614.608, -341.878, 54.8278, 0, '');
INSERT INTO `script_waypoint` (`entry`, `pointid`, `location_x`, `location_y`, `location_z`, `waittime`, `point_comment`) VALUES (13438, 15, -600.514, -328.26, 50.8647, 0, '');
INSERT INTO `script_waypoint` (`entry`, `pointid`, `location_x`, `location_y`, `location_z`, `waittime`, `point_comment`) VALUES (13438, 16, -588.237, -317.465, 48.4672, 0, '');
INSERT INTO `script_waypoint` (`entry`, `pointid`, `location_x`, `location_y`, `location_z`, `waittime`, `point_comment`) VALUES (13438, 17, -574.651, -316.431, 44.7675, 0, '');
INSERT INTO `script_waypoint` (`entry`, `pointid`, `location_x`, `location_y`, `location_z`, `waittime`, `point_comment`) VALUES (13438, 18, -555.729, -330.92, 39.0304, 0, '');
INSERT INTO `script_waypoint` (`entry`, `pointid`, `location_x`, `location_y`, `location_z`, `waittime`, `point_comment`) VALUES (13438, 19, -537.523, -340.701, 36.7384, 0, '');
INSERT INTO `script_waypoint` (`entry`, `pointid`, `location_x`, `location_y`, `location_z`, `waittime`, `point_comment`) VALUES (13438, 20, -528.89, -342.773, 34.8777, 0, '');
INSERT INTO `script_waypoint` (`entry`, `pointid`, `location_x`, `location_y`, `location_z`, `waittime`, `point_comment`) VALUES (13438, 21, -518.785, -336.308, 34.1152, 0, '');
INSERT INTO `script_waypoint` (`entry`, `pointid`, `location_x`, `location_y`, `location_z`, `waittime`, `point_comment`) VALUES (13438, 22, -509.676, -321.284, 32.4843, 0, '');
INSERT INTO `script_waypoint` (`entry`, `pointid`, `location_x`, `location_y`, `location_z`, `waittime`, `point_comment`) VALUES (13438, 23, -500.058, -305.422, 31.6233, 0, '');
INSERT INTO `script_waypoint` (`entry`, `pointid`, `location_x`, `location_y`, `location_z`, `waittime`, `point_comment`) VALUES (13438, 24, -488.698, -286.687, 28.7148, 0, '');
INSERT INTO `script_waypoint` (`entry`, `pointid`, `location_x`, `location_y`, `location_z`, `waittime`, `point_comment`) VALUES (13438, 25, -476.455, -279.684, 25.3135, 0, '');
INSERT INTO `script_waypoint` (`entry`, `pointid`, `location_x`, `location_y`, `location_z`, `waittime`, `point_comment`) VALUES (13438, 26, -452.565, -277.912, 21.6813, 0, '');
INSERT INTO `script_waypoint` (`entry`, `pointid`, `location_x`, `location_y`, `location_z`, `waittime`, `point_comment`) VALUES (13438, 27, -426.456, -280.629, 19.8647, 0, '');
INSERT INTO `script_waypoint` (`entry`, `pointid`, `location_x`, `location_y`, `location_z`, `waittime`, `point_comment`) VALUES (13438, 28, -397.315, -284.445, 13.1223, 0, '');
INSERT INTO `script_waypoint` (`entry`, `pointid`, `location_x`, `location_y`, `location_z`, `waittime`, `point_comment`) VALUES (13438, 29, -363.413, -286.258, 11.0896, 0, '');
INSERT INTO `script_waypoint` (`entry`, `pointid`, `location_x`, `location_y`, `location_z`, `waittime`, `point_comment`) VALUES (13438, 30, -328.47, -288.211, 6.66758, 0, '');
INSERT INTO `script_waypoint` (`entry`, `pointid`, `location_x`, `location_y`, `location_z`, `waittime`, `point_comment`) VALUES (13438, 31, -298.133, -292.14, 6.66758, 0, '');
INSERT INTO `script_waypoint` (`entry`, `pointid`, `location_x`, `location_y`, `location_z`, `waittime`, `point_comment`) VALUES (13438, 32, -271.049, -295.648, 6.82105, 0, '');
INSERT INTO `script_waypoint` (`entry`, `pointid`, `location_x`, `location_y`, `location_z`, `waittime`, `point_comment`) VALUES (13438, 33, -232.035, -300.702, 6.66755, 0, '');
INSERT INTO `script_waypoint` (`entry`, `pointid`, `location_x`, `location_y`, `location_z`, `waittime`, `point_comment`) VALUES (13438, 34, -204.001, -304.798, 6.66755, 0, '');
INSERT INTO `script_waypoint` (`entry`, `pointid`, `location_x`, `location_y`, `location_z`, `waittime`, `point_comment`) VALUES (13438, 35, -180.281, -300.376, 6.75338, 0, '');
INSERT INTO `script_waypoint` (`entry`, `pointid`, `location_x`, `location_y`, `location_z`, `waittime`, `point_comment`) VALUES (13438, 36, -158.938, -295.588, 10.5316, 0, '');
INSERT INTO `script_waypoint` (`entry`, `pointid`, `location_x`, `location_y`, `location_z`, `waittime`, `point_comment`) VALUES (13438, 37, -133.66, -285.417, 7.15676, 0, '');
INSERT INTO `script_waypoint` (`entry`, `pointid`, `location_x`, `location_y`, `location_z`, `waittime`, `point_comment`) VALUES (13438, 38, -112.844, -293.966, 9.44144, 0, '');
INSERT INTO `script_waypoint` (`entry`, `pointid`, `location_x`, `location_y`, `location_z`, `waittime`, `point_comment`) VALUES (13438, 39, -93.3911, -313.077, 8.44731, 0, '');
INSERT INTO `script_waypoint` (`entry`, `pointid`, `location_x`, `location_y`, `location_z`, `waittime`, `point_comment`) VALUES (13438, 40, -74.6341, -328.177, 11.9734, 0, '');
INSERT INTO `script_waypoint` (`entry`, `pointid`, `location_x`, `location_y`, `location_z`, `waittime`, `point_comment`) VALUES (13438, 41, -58.1253, -343.943, 12.129, 0, '');
INSERT INTO `script_waypoint` (`entry`, `pointid`, `location_x`, `location_y`, `location_z`, `waittime`, `point_comment`) VALUES (13438, 42, -51.4544, -369.161, 12.7979, 0, '');
INSERT INTO `script_waypoint` (`entry`, `pointid`, `location_x`, `location_y`, `location_z`, `waittime`, `point_comment`) VALUES (13438, 43, -47.2489, -389.284, 17.741, 0, '');
INSERT INTO `script_waypoint` (`entry`, `pointid`, `location_x`, `location_y`, `location_z`, `waittime`, `point_comment`) VALUES (13438, 44, -38.8258, -405.734, 27.7705, 0, '');
INSERT INTO `script_waypoint` (`entry`, `pointid`, `location_x`, `location_y`, `location_z`, `waittime`, `point_comment`) VALUES (13438, 45, -25.8147, -417.143, 38.9685, 0, '');
INSERT INTO `script_waypoint` (`entry`, `pointid`, `location_x`, `location_y`, `location_z`, `waittime`, `point_comment`) VALUES (13438, 46, -7.39934, -415.693, 45.1444, 0, '');
INSERT INTO `script_waypoint` (`entry`, `pointid`, `location_x`, `location_y`, `location_z`, `waittime`, `point_comment`) VALUES (13438, 47, 17.4229, -401.991, 45.4954, 0, '');
INSERT INTO `script_waypoint` (`entry`, `pointid`, `location_x`, `location_y`, `location_z`, `waittime`, `point_comment`) VALUES (13438, 48, 36.9887, -392.505, 45.7787, 0, '');
INSERT INTO `script_waypoint` (`entry`, `pointid`, `location_x`, `location_y`, `location_z`, `waittime`, `point_comment`) VALUES (13438, 49, 69.8476, -391.541, 45.1732, 0, '');
INSERT INTO `script_waypoint` (`entry`, `pointid`, `location_x`, `location_y`, `location_z`, `waittime`, `point_comment`) VALUES (13438, 50, 98.03, -388.495, 45.0883, 0, '');
INSERT INTO `script_waypoint` (`entry`, `pointid`, `location_x`, `location_y`, `location_z`, `waittime`, `point_comment`) VALUES (13438, 51, 126.686, -381.616, 42.6871, 0, '');
INSERT INTO `script_waypoint` (`entry`, `pointid`, `location_x`, `location_y`, `location_z`, `waittime`, `point_comment`) VALUES (13438, 52, 140.262, -390.905, 42.3581, 0, '');
INSERT INTO `script_waypoint` (`entry`, `pointid`, `location_x`, `location_y`, `location_z`, `waittime`, `point_comment`) VALUES (13438, 53, 160.74, -398.496, 42.7258, 0, '');
INSERT INTO `script_waypoint` (`entry`, `pointid`, `location_x`, `location_y`, `location_z`, `waittime`, `point_comment`) VALUES (13438, 54, 178.199, -404.969, 42.6205, 0, '');
INSERT INTO `script_waypoint` (`entry`, `pointid`, `location_x`, `location_y`, `location_z`, `waittime`, `point_comment`) VALUES (13438, 55, 208.709, -413.019, 41.8028, 0, '');
INSERT INTO `script_waypoint` (`entry`, `pointid`, `location_x`, `location_y`, `location_z`, `waittime`, `point_comment`) VALUES (13438, 56, 226.168, -419.491, 39.2466, 0, '');
INSERT INTO `script_waypoint` (`entry`, `pointid`, `location_x`, `location_y`, `location_z`, `waittime`, `point_comment`) VALUES (13438, 57, 238.766, -417.504, 36.6496, 0, '');
INSERT INTO `script_waypoint` (`entry`, `pointid`, `location_x`, `location_y`, `location_z`, `waittime`, `point_comment`) VALUES (13438, 58, 255.085, -410.174, 30.2482, 0, '');
INSERT INTO `script_waypoint` (`entry`, `pointid`, `location_x`, `location_y`, `location_z`, `waittime`, `point_comment`) VALUES (13438, 59, 271.735, -395.932, 15.1427, 0, '');
INSERT INTO `script_waypoint` (`entry`, `pointid`, `location_x`, `location_y`, `location_z`, `waittime`, `point_comment`) VALUES (13438, 60, 289.73, -385.601, 4.63278, 0, '');
INSERT INTO `script_waypoint` (`entry`, `pointid`, `location_x`, `location_y`, `location_z`, `waittime`, `point_comment`) VALUES (13438, 61, 303.027, -380.923, 0.699032, 0, '');
INSERT INTO `script_waypoint` (`entry`, `pointid`, `location_x`, `location_y`, `location_z`, `waittime`, `point_comment`) VALUES (13438, 62, 325.833, -382.629, -0.94147, 0, '');
INSERT INTO `script_waypoint` (`entry`, `pointid`, `location_x`, `location_y`, `location_z`, `waittime`, `point_comment`) VALUES (13438, 63, 342.025, -385.903, -0.359377, 0, '');
INSERT INTO `script_waypoint` (`entry`, `pointid`, `location_x`, `location_y`, `location_z`, `waittime`, `point_comment`) VALUES (13438, 64, 364.53, -390.453, -0.158995, 0, '');
INSERT INTO `script_waypoint` (`entry`, `pointid`, `location_x`, `location_y`, `location_z`, `waittime`, `point_comment`) VALUES (13438, 65, 386.083, -393.551, -1.11602, 0, '');
INSERT INTO `script_waypoint` (`entry`, `pointid`, `location_x`, `location_y`, `location_z`, `waittime`, `point_comment`) VALUES (13438, 66, 407.651, -389.224, -1.21222, 0, '');
INSERT INTO `script_waypoint` (`entry`, `pointid`, `location_x`, `location_y`, `location_z`, `waittime`, `point_comment`) VALUES (13438, 67, 422.366, -382.03, -1.24378, 0, '');
INSERT INTO `script_waypoint` (`entry`, `pointid`, `location_x`, `location_y`, `location_z`, `waittime`, `point_comment`) VALUES (13438, 68, 438.441, -375.256, -1.24378, 0, '');
INSERT INTO `script_waypoint` (`entry`, `pointid`, `location_x`, `location_y`, `location_z`, `waittime`, `point_comment`) VALUES (13438, 69, 458.933, -372.189, -1.15402, 0, '');
INSERT INTO `script_waypoint` (`entry`, `pointid`, `location_x`, `location_y`, `location_z`, `waittime`, `point_comment`) VALUES (13438, 70, 469.913, -365.063, -1.18129, 0, '');
INSERT INTO `script_waypoint` (`entry`, `pointid`, `location_x`, `location_y`, `location_z`, `waittime`, `point_comment`) VALUES (13438, 71, 478.886, -357.14, -1.24382, 0, '');
INSERT INTO `script_waypoint` (`entry`, `pointid`, `location_x`, `location_y`, `location_z`, `waittime`, `point_comment`) VALUES (13438, 72, 488.796, -345.444, -1.24382, 0, '');
INSERT INTO `script_waypoint` (`entry`, `pointid`, `location_x`, `location_y`, `location_z`, `waittime`, `point_comment`) VALUES (13438, 73, 499.907, -336.586, -1.08519, 0, '');
INSERT INTO `script_waypoint` (`entry`, `pointid`, `location_x`, `location_y`, `location_z`, `waittime`, `point_comment`) VALUES (13438, 74, 510.64, -330.978, -1.08519, 0, '');
INSERT INTO `script_waypoint` (`entry`, `pointid`, `location_x`, `location_y`, `location_z`, `waittime`, `point_comment`) VALUES (13438, 75, 525.221, -323.361, 0.095276, 0, '');
INSERT INTO `script_waypoint` (`entry`, `pointid`, `location_x`, `location_y`, `location_z`, `waittime`, `point_comment`) VALUES (13438, 76, 540.969, -321.005, 5.44663, 0, '');
INSERT INTO `script_waypoint` (`entry`, `pointid`, `location_x`, `location_y`, `location_z`, `waittime`, `point_comment`) VALUES (13438, 77, 551.725, -322.338, 12.0335, 0, '');
INSERT INTO `script_waypoint` (`entry`, `pointid`, `location_x`, `location_y`, `location_z`, `waittime`, `point_comment`) VALUES (13438, 78, 564.422, -325.524, 19.6143, 0, '');
INSERT INTO `script_waypoint` (`entry`, `pointid`, `location_x`, `location_y`, `location_z`, `waittime`, `point_comment`) VALUES (13438, 79, 574.271, -330.395, 25.7882, 0, '');
INSERT INTO `script_waypoint` (`entry`, `pointid`, `location_x`, `location_y`, `location_z`, `waittime`, `point_comment`) VALUES (13438, 80, 584.521, -334.361, 29.9312, 0, '');
INSERT INTO `script_waypoint` (`entry`, `pointid`, `location_x`, `location_y`, `location_z`, `waittime`, `point_comment`) VALUES (13438, 81, 594.081, -336.514, 30.1994, 0, '');
INSERT INTO `script_waypoint` (`entry`, `pointid`, `location_x`, `location_y`, `location_z`, `waittime`, `point_comment`) VALUES (13438, 82, 602.672, -338.124, 30.2143, 0, '');
INSERT INTO `script_waypoint` (`entry`, `pointid`, `location_x`, `location_y`, `location_z`, `waittime`, `point_comment`) VALUES (13438, 83, 608.924, -336.071, 30.3068, 0, '');
INSERT INTO `script_waypoint` (`entry`, `pointid`, `location_x`, `location_y`, `location_z`, `waittime`, `point_comment`) VALUES (13438, 84, 616.326, -331.406, 30.1507, 0, '');
INSERT INTO `script_waypoint` (`entry`, `pointid`, `location_x`, `location_y`, `location_z`, `waittime`, `point_comment`) VALUES (13438, 85, 621.584, -325.877, 30.1336, 0, '');
INSERT INTO `script_waypoint` (`entry`, `pointid`, `location_x`, `location_y`, `location_z`, `waittime`, `point_comment`) VALUES (13438, 86, 625.11, -320.321, 30.1336, 0, '');
INSERT INTO `script_waypoint` (`entry`, `pointid`, `location_x`, `location_y`, `location_z`, `waittime`, `point_comment`) VALUES (13438, 87, 630.495, -313.424, 30.1336, 0, '');
INSERT INTO `script_waypoint` (`entry`, `pointid`, `location_x`, `location_y`, `location_z`, `waittime`, `point_comment`) VALUES (13438, 88, 634.045, -305.427, 30.1336, 0, '');
INSERT INTO `script_waypoint` (`entry`, `pointid`, `location_x`, `location_y`, `location_z`, `waittime`, `point_comment`) VALUES (13438, 89, 636.449, -298.186, 30.1336, 0, '');
INSERT INTO `script_waypoint` (`entry`, `pointid`, `location_x`, `location_y`, `location_z`, `waittime`, `point_comment`) VALUES (13438, 90, 637.414, -290.546, 30.1355, 0, '');
INSERT INTO `script_waypoint` (`entry`, `pointid`, `location_x`, `location_y`, `location_z`, `waittime`, `point_comment`) VALUES (13438, 91, 636.882, -282.865, 30.1492, 0, '');
INSERT INTO `script_waypoint` (`entry`, `pointid`, `location_x`, `location_y`, `location_z`, `waittime`, `point_comment`) VALUES (13438, 92, 636.351, -275.183, 30.1799, 0, '');
INSERT INTO `script_waypoint` (`entry`, `pointid`, `location_x`, `location_y`, `location_z`, `waittime`, `point_comment`) VALUES (13438, 93, 635.531, -263.335, 31.8045, 0, '');
INSERT INTO `script_waypoint` (`entry`, `pointid`, `location_x`, `location_y`, `location_z`, `waittime`, `point_comment`) VALUES (13438, 94, 631.924, -239.551, 36.4789, 0, '');
INSERT INTO `script_waypoint` (`entry`, `pointid`, `location_x`, `location_y`, `location_z`, `waittime`, `point_comment`) VALUES (13438, 95, 618.732, -148.944, 33.3684, 0, '');
INSERT INTO `script_waypoint` (`entry`, `pointid`, `location_x`, `location_y`, `location_z`, `waittime`, `point_comment`) VALUES (13438, 96, 617.554, -138.031, 33.4085, 0, '');
INSERT INTO `script_waypoint` (`entry`, `pointid`, `location_x`, `location_y`, `location_z`, `waittime`, `point_comment`) VALUES (13438, 97, 622.509, -121.468, 35.2317, 0, '');
INSERT INTO `script_waypoint` (`entry`, `pointid`, `location_x`, `location_y`, `location_z`, `waittime`, `point_comment`) VALUES (13438, 98, 626.558, -112.621, 37.7196, 0, '');
INSERT INTO `script_waypoint` (`entry`, `pointid`, `location_x`, `location_y`, `location_z`, `waittime`, `point_comment`) VALUES (13438, 99, 629.389, -105.535, 39.553, 0, '');
INSERT INTO `script_waypoint` (`entry`, `pointid`, `location_x`, `location_y`, `location_z`, `waittime`, `point_comment`) VALUES (13438, 100, 631.303, -91.4549, 41.3663, 0, '');
INSERT INTO `script_waypoint` (`entry`, `pointid`, `location_x`, `location_y`, `location_z`, `waittime`, `point_comment`) VALUES (13438, 101, 633.359, -76.334, 41.5851, 0, '');
INSERT INTO `script_waypoint` (`entry`, `pointid`, `location_x`, `location_y`, `location_z`, `waittime`, `point_comment`) VALUES (13438, 102, 630.269, -70.5349, 41.1221, 0, '');
INSERT INTO `script_waypoint` (`entry`, `pointid`, `location_x`, `location_y`, `location_z`, `waittime`, `point_comment`) VALUES (13438, 103, 620.05, -66.7901, 39.4316, 0, '');
INSERT INTO `script_waypoint` (`entry`, `pointid`, `location_x`, `location_y`, `location_z`, `waittime`, `point_comment`) VALUES (13438, 104, 606.299, -64.7929, 37.9029, 0, '');
INSERT INTO `script_waypoint` (`entry`, `pointid`, `location_x`, `location_y`, `location_z`, `waittime`, `point_comment`) VALUES (13438, 105, 596.383, -59.0688, 37.673, 0, '');
INSERT INTO `script_waypoint` (`entry`, `pointid`, `location_x`, `location_y`, `location_z`, `waittime`, `point_comment`) VALUES (13438, 106, 584.711, -53.2391, 37.4594, 0, '');
INSERT INTO `script_waypoint` (`entry`, `pointid`, `location_x`, `location_y`, `location_z`, `waittime`, `point_comment`) VALUES (13438, 107, 574.745, -49.0981, 37.5035, 0, '');
INSERT INTO `script_waypoint` (`entry`, `pointid`, `location_x`, `location_y`, `location_z`, `waittime`, `point_comment`) VALUES (13438, 108, 570.429, -42.7184, 37.7184, 0, '');
INSERT INTO `script_waypoint` (`entry`, `pointid`, `location_x`, `location_y`, `location_z`, `waittime`, `point_comment`) VALUES (13438, 109, 570.429, -42.7184, 37.7184, 0, NULL);
INSERT INTO `script_waypoint` (`entry`, `pointid`, `location_x`, `location_y`, `location_z`, `waittime`, `point_comment`) VALUES (13439, 1, -1219.03, -354.402, 57.6381, 0, '');
INSERT INTO `script_waypoint` (`entry`, `pointid`, `location_x`, `location_y`, `location_z`, `waittime`, `point_comment`) VALUES (13439, 2, -1219.03, -354.402, 57.6381, 0, '');
INSERT INTO `script_waypoint` (`entry`, `pointid`, `location_x`, `location_y`, `location_z`, `waittime`, `point_comment`) VALUES (13439, 3, -1216.86, -366.012, 56.9576, 0, '');
INSERT INTO `script_waypoint` (`entry`, `pointid`, `location_x`, `location_y`, `location_z`, `waittime`, `point_comment`) VALUES (13439, 4, -1208.11, -365.655, 55.2118, 0, '');
INSERT INTO `script_waypoint` (`entry`, `pointid`, `location_x`, `location_y`, `location_z`, `waittime`, `point_comment`) VALUES (13439, 5, -1193.85, -365.072, 52.6919, 0, '');
INSERT INTO `script_waypoint` (`entry`, `pointid`, `location_x`, `location_y`, `location_z`, `waittime`, `point_comment`) VALUES (13439, 6, -1185.17, -360.513, 52.4487, 0, '');
INSERT INTO `script_waypoint` (`entry`, `pointid`, `location_x`, `location_y`, `location_z`, `waittime`, `point_comment`) VALUES (13439, 7, -1170.8, -355.35, 51.925, 0, '');
INSERT INTO `script_waypoint` (`entry`, `pointid`, `location_x`, `location_y`, `location_z`, `waittime`, `point_comment`) VALUES (13439, 8, -1159.11, -352.466, 51.6232, 0, '');
INSERT INTO `script_waypoint` (`entry`, `pointid`, `location_x`, `location_y`, `location_z`, `waittime`, `point_comment`) VALUES (13439, 9, -1145.22, -349.86, 51.0849, 0, '');
INSERT INTO `script_waypoint` (`entry`, `pointid`, `location_x`, `location_y`, `location_z`, `waittime`, `point_comment`) VALUES (13439, 10, -1130.16, -352.199, 51.5012, 0, '');
INSERT INTO `script_waypoint` (`entry`, `pointid`, `location_x`, `location_y`, `location_z`, `waittime`, `point_comment`) VALUES (13439, 11, -1116.95, -359.982, 51.5012, 0, '');
INSERT INTO `script_waypoint` (`entry`, `pointid`, `location_x`, `location_y`, `location_z`, `waittime`, `point_comment`) VALUES (13439, 12, -1105.58, -363.935, 51.5012, 0, '');
INSERT INTO `script_waypoint` (`entry`, `pointid`, `location_x`, `location_y`, `location_z`, `waittime`, `point_comment`) VALUES (13439, 13, -1091.43, -365.206, 51.3968, 0, '');
INSERT INTO `script_waypoint` (`entry`, `pointid`, `location_x`, `location_y`, `location_z`, `waittime`, `point_comment`) VALUES (13439, 14, -1078.34, -364.773, 51.3895, 0, '');
INSERT INTO `script_waypoint` (`entry`, `pointid`, `location_x`, `location_y`, `location_z`, `waittime`, `point_comment`) VALUES (13439, 15, -1062.16, -364.122, 51.4009, 0, '');
INSERT INTO `script_waypoint` (`entry`, `pointid`, `location_x`, `location_y`, `location_z`, `waittime`, `point_comment`) VALUES (13439, 16, -1054.17, -372.138, 51.373, 0, '');
INSERT INTO `script_waypoint` (`entry`, `pointid`, `location_x`, `location_y`, `location_z`, `waittime`, `point_comment`) VALUES (13439, 17, -1049.33, -381.953, 51.1618, 0, '');
INSERT INTO `script_waypoint` (`entry`, `pointid`, `location_x`, `location_y`, `location_z`, `waittime`, `point_comment`) VALUES (13439, 18, -1034.36, -390.65, 50.6586, 0, '');
INSERT INTO `script_waypoint` (`entry`, `pointid`, `location_x`, `location_y`, `location_z`, `waittime`, `point_comment`) VALUES (13439, 19, -1018.64, -395.245, 50.6692, 0, '');
INSERT INTO `script_waypoint` (`entry`, `pointid`, `location_x`, `location_y`, `location_z`, `waittime`, `point_comment`) VALUES (13439, 20, -1007.08, -398.622, 50.617, 0, '');
INSERT INTO `script_waypoint` (`entry`, `pointid`, `location_x`, `location_y`, `location_z`, `waittime`, `point_comment`) VALUES (13439, 21, -988.484, -398.712, 49.9017, 0, '');
INSERT INTO `script_waypoint` (`entry`, `pointid`, `location_x`, `location_y`, `location_z`, `waittime`, `point_comment`) VALUES (13439, 22, -972.062, -397.757, 49.2571, 0, '');
INSERT INTO `script_waypoint` (`entry`, `pointid`, `location_x`, `location_y`, `location_z`, `waittime`, `point_comment`) VALUES (13439, 23, -958.092, -395.567, 48.925, 0, '');
INSERT INTO `script_waypoint` (`entry`, `pointid`, `location_x`, `location_y`, `location_z`, `waittime`, `point_comment`) VALUES (13439, 24, -941.217, -391.206, 48.7078, 0, '');
INSERT INTO `script_waypoint` (`entry`, `pointid`, `location_x`, `location_y`, `location_z`, `waittime`, `point_comment`) VALUES (13439, 25, -921.156, -386.022, 49.4711, 0, '');
INSERT INTO `script_waypoint` (`entry`, `pointid`, `location_x`, `location_y`, `location_z`, `waittime`, `point_comment`) VALUES (13439, 26, -905.229, -381.906, 48.8502, 0, '');
INSERT INTO `script_waypoint` (`entry`, `pointid`, `location_x`, `location_y`, `location_z`, `waittime`, `point_comment`) VALUES (13439, 27, -893.443, -379.446, 48.7436, 0, '');
INSERT INTO `script_waypoint` (`entry`, `pointid`, `location_x`, `location_y`, `location_z`, `waittime`, `point_comment`) VALUES (13439, 28, -880.865, -385.856, 48.5798, 0, '');
INSERT INTO `script_waypoint` (`entry`, `pointid`, `location_x`, `location_y`, `location_z`, `waittime`, `point_comment`) VALUES (13439, 29, -869.606, -389.92, 48.6628, 0, '');
INSERT INTO `script_waypoint` (`entry`, `pointid`, `location_x`, `location_y`, `location_z`, `waittime`, `point_comment`) VALUES (13439, 30, -856.529, -389.725, 49.5332, 0, '');
INSERT INTO `script_waypoint` (`entry`, `pointid`, `location_x`, `location_y`, `location_z`, `waittime`, `point_comment`) VALUES (13439, 31, -842.775, -394.864, 51.0903, 0, '');
INSERT INTO `script_waypoint` (`entry`, `pointid`, `location_x`, `location_y`, `location_z`, `waittime`, `point_comment`) VALUES (13439, 32, -834.513, -408.743, 51.9564, 0, '');
INSERT INTO `script_waypoint` (`entry`, `pointid`, `location_x`, `location_y`, `location_z`, `waittime`, `point_comment`) VALUES (13439, 33, -827.741, -421.226, 52.536, 0, '');
INSERT INTO `script_waypoint` (`entry`, `pointid`, `location_x`, `location_y`, `location_z`, `waittime`, `point_comment`) VALUES (13439, 34, -824.239, -433.95, 53.2354, 0, '');
INSERT INTO `script_waypoint` (`entry`, `pointid`, `location_x`, `location_y`, `location_z`, `waittime`, `point_comment`) VALUES (13439, 35, -817.301, -443.789, 54.5687, 0, '');
INSERT INTO `script_waypoint` (`entry`, `pointid`, `location_x`, `location_y`, `location_z`, `waittime`, `point_comment`) VALUES (13439, 36, -806.858, -448.525, 55.1509, 0, '');
INSERT INTO `script_waypoint` (`entry`, `pointid`, `location_x`, `location_y`, `location_z`, `waittime`, `point_comment`) VALUES (13439, 37, -796.072, -446.764, 56.525, 0, '');
INSERT INTO `script_waypoint` (`entry`, `pointid`, `location_x`, `location_y`, `location_z`, `waittime`, `point_comment`) VALUES (13439, 38, -788.226, -440.776, 58.29, 0, '');
INSERT INTO `script_waypoint` (`entry`, `pointid`, `location_x`, `location_y`, `location_z`, `waittime`, `point_comment`) VALUES (13439, 39, -780.379, -434.788, 60.6327, 0, '');
INSERT INTO `script_waypoint` (`entry`, `pointid`, `location_x`, `location_y`, `location_z`, `waittime`, `point_comment`) VALUES (13439, 40, -771.253, -431.034, 63.0319, 0, '');
INSERT INTO `script_waypoint` (`entry`, `pointid`, `location_x`, `location_y`, `location_z`, `waittime`, `point_comment`) VALUES (13439, 41, -759.362, -430.207, 65.0521, 0, '');
INSERT INTO `script_waypoint` (`entry`, `pointid`, `location_x`, `location_y`, `location_z`, `waittime`, `point_comment`) VALUES (13439, 42, -744.002, -422.703, 67.022, 0, '');
INSERT INTO `script_waypoint` (`entry`, `pointid`, `location_x`, `location_y`, `location_z`, `waittime`, `point_comment`) VALUES (13439, 43, -727.643, -413.958, 67.5996, 0, '');
INSERT INTO `script_waypoint` (`entry`, `pointid`, `location_x`, `location_y`, `location_z`, `waittime`, `point_comment`) VALUES (13439, 44, -717.511, -405.67, 67.5996, 0, '');
INSERT INTO `script_waypoint` (`entry`, `pointid`, `location_x`, `location_y`, `location_z`, `waittime`, `point_comment`) VALUES (13439, 45, -715.04, -395.179, 67.6237, 0, '');
INSERT INTO `script_waypoint` (`entry`, `pointid`, `location_x`, `location_y`, `location_z`, `waittime`, `point_comment`) VALUES (13439, 46, -714.006, -375.536, 67.2102, 0, '');
INSERT INTO `script_waypoint` (`entry`, `pointid`, `location_x`, `location_y`, `location_z`, `waittime`, `point_comment`) VALUES (13439, 47, -712.045, -364.889, 66.9006, 0, '');
INSERT INTO `script_waypoint` (`entry`, `pointid`, `location_x`, `location_y`, `location_z`, `waittime`, `point_comment`) VALUES (13439, 48, -697.893, -365.903, 66.0877, 0, '');
INSERT INTO `script_waypoint` (`entry`, `pointid`, `location_x`, `location_y`, `location_z`, `waittime`, `point_comment`) VALUES (13439, 49, -681.992, -375.549, 65.6228, 0, '');
INSERT INTO `script_waypoint` (`entry`, `pointid`, `location_x`, `location_y`, `location_z`, `waittime`, `point_comment`) VALUES (13439, 50, -667.82, -381.576, 64.6774, 0, '');
INSERT INTO `script_waypoint` (`entry`, `pointid`, `location_x`, `location_y`, `location_z`, `waittime`, `point_comment`) VALUES (13439, 51, -652.747, -387.987, 61.8216, 0, '');
INSERT INTO `script_waypoint` (`entry`, `pointid`, `location_x`, `location_y`, `location_z`, `waittime`, `point_comment`) VALUES (13439, 52, -639.287, -392.328, 59.7395, 0, '');
INSERT INTO `script_waypoint` (`entry`, `pointid`, `location_x`, `location_y`, `location_z`, `waittime`, `point_comment`) VALUES (13439, 53, -628.261, -396.058, 59.0492, 0, '');
INSERT INTO `script_waypoint` (`entry`, `pointid`, `location_x`, `location_y`, `location_z`, `waittime`, `point_comment`) VALUES (13439, 54, -623.512, -387.486, 58.393, 0, '');
INSERT INTO `script_waypoint` (`entry`, `pointid`, `location_x`, `location_y`, `location_z`, `waittime`, `point_comment`) VALUES (13439, 55, -621.023, -373.699, 57.3696, 0, '');
INSERT INTO `script_waypoint` (`entry`, `pointid`, `location_x`, `location_y`, `location_z`, `waittime`, `point_comment`) VALUES (13439, 56, -621.263, -357.334, 56.0783, 0, '');
INSERT INTO `script_waypoint` (`entry`, `pointid`, `location_x`, `location_y`, `location_z`, `waittime`, `point_comment`) VALUES (13439, 57, -618.664, -346.717, 55.2189, 0, '');
INSERT INTO `script_waypoint` (`entry`, `pointid`, `location_x`, `location_y`, `location_z`, `waittime`, `point_comment`) VALUES (13439, 58, -611.136, -338.737, 54.1278, 0, '');
INSERT INTO `script_waypoint` (`entry`, `pointid`, `location_x`, `location_y`, `location_z`, `waittime`, `point_comment`) VALUES (13439, 59, -599.364, -327.348, 50.6402, 0, '');
INSERT INTO `script_waypoint` (`entry`, `pointid`, `location_x`, `location_y`, `location_z`, `waittime`, `point_comment`) VALUES (13439, 60, -589.252, -319.106, 48.6546, 0, '');
INSERT INTO `script_waypoint` (`entry`, `pointid`, `location_x`, `location_y`, `location_z`, `waittime`, `point_comment`) VALUES (13439, 61, -580.651, -317.678, 46.5896, 0, '');
INSERT INTO `script_waypoint` (`entry`, `pointid`, `location_x`, `location_y`, `location_z`, `waittime`, `point_comment`) VALUES (13439, 62, -570.021, -320.177, 43.2161, 0, '');
INSERT INTO `script_waypoint` (`entry`, `pointid`, `location_x`, `location_y`, `location_z`, `waittime`, `point_comment`) VALUES (13439, 63, -560.062, -324.37, 39.7222, 0, '');
INSERT INTO `script_waypoint` (`entry`, `pointid`, `location_x`, `location_y`, `location_z`, `waittime`, `point_comment`) VALUES (13439, 64, -546.9, -332.365, 38.0126, 0, '');
INSERT INTO `script_waypoint` (`entry`, `pointid`, `location_x`, `location_y`, `location_z`, `waittime`, `point_comment`) VALUES (13439, 65, -533.858, -340.288, 35.912, 0, '');
INSERT INTO `script_waypoint` (`entry`, `pointid`, `location_x`, `location_y`, `location_z`, `waittime`, `point_comment`) VALUES (13439, 66, -519.642, -338.933, 34.356, 0, '');
INSERT INTO `script_waypoint` (`entry`, `pointid`, `location_x`, `location_y`, `location_z`, `waittime`, `point_comment`) VALUES (13439, 67, -511.335, -323.45, 32.7533, 0, '');
INSERT INTO `script_waypoint` (`entry`, `pointid`, `location_x`, `location_y`, `location_z`, `waittime`, `point_comment`) VALUES (13439, 68, -500.48, -303.219, 31.5629, 0, '');
INSERT INTO `script_waypoint` (`entry`, `pointid`, `location_x`, `location_y`, `location_z`, `waittime`, `point_comment`) VALUES (13439, 69, -493.729, -290.635, 30.0927, 0, '');
INSERT INTO `script_waypoint` (`entry`, `pointid`, `location_x`, `location_y`, `location_z`, `waittime`, `point_comment`) VALUES (13439, 70, -480.706, -278.841, 26.2933, 0, '');
INSERT INTO `script_waypoint` (`entry`, `pointid`, `location_x`, `location_y`, `location_z`, `waittime`, `point_comment`) VALUES (13439, 71, -467.631, -278.214, 23.6596, 0, '');
INSERT INTO `script_waypoint` (`entry`, `pointid`, `location_x`, `location_y`, `location_z`, `waittime`, `point_comment`) VALUES (13439, 72, -449.11, -277.96, 21.2155, 0, '');
INSERT INTO `script_waypoint` (`entry`, `pointid`, `location_x`, `location_y`, `location_z`, `waittime`, `point_comment`) VALUES (13439, 73, -433.162, -279.53, 20.6589, 0, '');
INSERT INTO `script_waypoint` (`entry`, `pointid`, `location_x`, `location_y`, `location_z`, `waittime`, `point_comment`) VALUES (13439, 74, -421.18, -280.711, 18.9516, 0, '');
INSERT INTO `script_waypoint` (`entry`, `pointid`, `location_x`, `location_y`, `location_z`, `waittime`, `point_comment`) VALUES (13439, 75, -399.376, -282.858, 13.4332, 0, '');
INSERT INTO `script_waypoint` (`entry`, `pointid`, `location_x`, `location_y`, `location_z`, `waittime`, `point_comment`) VALUES (13439, 76, -375.412, -285.219, 11.6822, 0, '');
INSERT INTO `script_waypoint` (`entry`, `pointid`, `location_x`, `location_y`, `location_z`, `waittime`, `point_comment`) VALUES (13439, 77, -349.219, -287.799, 8.88037, 0, '');
INSERT INTO `script_waypoint` (`entry`, `pointid`, `location_x`, `location_y`, `location_z`, `waittime`, `point_comment`) VALUES (13439, 78, -331.803, -289.514, 6.66754, 0, '');
INSERT INTO `script_waypoint` (`entry`, `pointid`, `location_x`, `location_y`, `location_z`, `waittime`, `point_comment`) VALUES (13439, 79, -281.85, -294.434, 6.74993, 0, '');
INSERT INTO `script_waypoint` (`entry`, `pointid`, `location_x`, `location_y`, `location_z`, `waittime`, `point_comment`) VALUES (13439, 80, -238.38, -298.716, 6.66756, 0, '');
INSERT INTO `script_waypoint` (`entry`, `pointid`, `location_x`, `location_y`, `location_z`, `waittime`, `point_comment`) VALUES (13439, 81, -211.072, -301.406, 6.66756, 0, '');
INSERT INTO `script_waypoint` (`entry`, `pointid`, `location_x`, `location_y`, `location_z`, `waittime`, `point_comment`) VALUES (13439, 82, -182.789, -304.191, 6.67793, 0, '');
INSERT INTO `script_waypoint` (`entry`, `pointid`, `location_x`, `location_y`, `location_z`, `waittime`, `point_comment`) VALUES (13439, 83, -161.079, -306.33, 10.1582, 0, '');
INSERT INTO `script_waypoint` (`entry`, `pointid`, `location_x`, `location_y`, `location_z`, `waittime`, `point_comment`) VALUES (13439, 84, -148.451, -296.179, 9.96612, 0, '');
INSERT INTO `script_waypoint` (`entry`, `pointid`, `location_x`, `location_y`, `location_z`, `waittime`, `point_comment`) VALUES (13439, 85, -129.713, -284.958, 7.17717, 0, '');
INSERT INTO `script_waypoint` (`entry`, `pointid`, `location_x`, `location_y`, `location_z`, `waittime`, `point_comment`) VALUES (13439, 86, -121.506, -290.247, 8.96478, 0, '');
INSERT INTO `script_waypoint` (`entry`, `pointid`, `location_x`, `location_y`, `location_z`, `waittime`, `point_comment`) VALUES (13439, 87, -105.214, -305.002, 9.23432, 0, '');
INSERT INTO `script_waypoint` (`entry`, `pointid`, `location_x`, `location_y`, `location_z`, `waittime`, `point_comment`) VALUES (13439, 88, -90.6734, -318.171, 9.02265, 0, '');
INSERT INTO `script_waypoint` (`entry`, `pointid`, `location_x`, `location_y`, `location_z`, `waittime`, `point_comment`) VALUES (13439, 89, -75.3458, -326.204, 11.8065, 0, '');
INSERT INTO `script_waypoint` (`entry`, `pointid`, `location_x`, `location_y`, `location_z`, `waittime`, `point_comment`) VALUES (13439, 90, -67.8547, -340.788, 12.6102, 0, '');
INSERT INTO `script_waypoint` (`entry`, `pointid`, `location_x`, `location_y`, `location_z`, `waittime`, `point_comment`) VALUES (13439, 91, -56.5832, -363.17, 12.4786, 0, '');
INSERT INTO `script_waypoint` (`entry`, `pointid`, `location_x`, `location_y`, `location_z`, `waittime`, `point_comment`) VALUES (13439, 92, -44.8737, -387.864, 17.4888, 0, '');
INSERT INTO `script_waypoint` (`entry`, `pointid`, `location_x`, `location_y`, `location_z`, `waittime`, `point_comment`) VALUES (13439, 93, -42.6006, -399.516, 22.9939, 0, '');
INSERT INTO `script_waypoint` (`entry`, `pointid`, `location_x`, `location_y`, `location_z`, `waittime`, `point_comment`) VALUES (13439, 94, -38.1852, -409.504, 29.8758, 0, '');
INSERT INTO `script_waypoint` (`entry`, `pointid`, `location_x`, `location_y`, `location_z`, `waittime`, `point_comment`) VALUES (13439, 95, -27.122, -414.001, 37.093, 0, '');
INSERT INTO `script_waypoint` (`entry`, `pointid`, `location_x`, `location_y`, `location_z`, `waittime`, `point_comment`) VALUES (13439, 96, -17.5717, -416.199, 42.6778, 0, '');
INSERT INTO `script_waypoint` (`entry`, `pointid`, `location_x`, `location_y`, `location_z`, `waittime`, `point_comment`) VALUES (13439, 97, -8.84254, -415.595, 45.0302, 0, '');
INSERT INTO `script_waypoint` (`entry`, `pointid`, `location_x`, `location_y`, `location_z`, `waittime`, `point_comment`) VALUES (13439, 98, 0.379306, -412.077, 45.3175, 0, '');
INSERT INTO `script_waypoint` (`entry`, `pointid`, `location_x`, `location_y`, `location_z`, `waittime`, `point_comment`) VALUES (13439, 99, 11.6348, -403.403, 45.2918, 0, '');
INSERT INTO `script_waypoint` (`entry`, `pointid`, `location_x`, `location_y`, `location_z`, `waittime`, `point_comment`) VALUES (13439, 100, 20.4999, -397.197, 45.6921, 0, '');
INSERT INTO `script_waypoint` (`entry`, `pointid`, `location_x`, `location_y`, `location_z`, `waittime`, `point_comment`) VALUES (13439, 101, 30.9231, -394.067, 45.7307, 0, '');
INSERT INTO `script_waypoint` (`entry`, `pointid`, `location_x`, `location_y`, `location_z`, `waittime`, `point_comment`) VALUES (13439, 102, 50.5171, -392.339, 45.6688, 0, '');
INSERT INTO `script_waypoint` (`entry`, `pointid`, `location_x`, `location_y`, `location_z`, `waittime`, `point_comment`) VALUES (13439, 103, 69.0651, -390.703, 45.1276, 0, '');
INSERT INTO `script_waypoint` (`entry`, `pointid`, `location_x`, `location_y`, `location_z`, `waittime`, `point_comment`) VALUES (13439, 104, 87.5434, -389.074, 45.0238, 0, '');
INSERT INTO `script_waypoint` (`entry`, `pointid`, `location_x`, `location_y`, `location_z`, `waittime`, `point_comment`) VALUES (13439, 105, 102.486, -385.955, 45.0908, 0, '');
INSERT INTO `script_waypoint` (`entry`, `pointid`, `location_x`, `location_y`, `location_z`, `waittime`, `point_comment`) VALUES (13439, 106, 123.012, -382.688, 42.9491, 0, '');
INSERT INTO `script_waypoint` (`entry`, `pointid`, `location_x`, `location_y`, `location_z`, `waittime`, `point_comment`) VALUES (13439, 107, 133.906, -385.438, 42.2532, 0, '');
INSERT INTO `script_waypoint` (`entry`, `pointid`, `location_x`, `location_y`, `location_z`, `waittime`, `point_comment`) VALUES (13439, 108, 148.765, -394.79, 42.6535, 0, '');
INSERT INTO `script_waypoint` (`entry`, `pointid`, `location_x`, `location_y`, `location_z`, `waittime`, `point_comment`) VALUES (13439, 109, 163.71, -401.48, 42.5914, 0, '');
INSERT INTO `script_waypoint` (`entry`, `pointid`, `location_x`, `location_y`, `location_z`, `waittime`, `point_comment`) VALUES (13439, 110, 187.069, -406.721, 42.7916, 0, '');
INSERT INTO `script_waypoint` (`entry`, `pointid`, `location_x`, `location_y`, `location_z`, `waittime`, `point_comment`) VALUES (13439, 111, 206.378, -411.139, 42.2281, 0, '');
INSERT INTO `script_waypoint` (`entry`, `pointid`, `location_x`, `location_y`, `location_z`, `waittime`, `point_comment`) VALUES (13439, 112, 223.64, -418.305, 39.5488, 0, '');
INSERT INTO `script_waypoint` (`entry`, `pointid`, `location_x`, `location_y`, `location_z`, `waittime`, `point_comment`) VALUES (13439, 113, 240.169, -416.463, 36.2933, 0, '');
INSERT INTO `script_waypoint` (`entry`, `pointid`, `location_x`, `location_y`, `location_z`, `waittime`, `point_comment`) VALUES (13439, 114, 252.932, -410.633, 31.4603, 0, '');
INSERT INTO `script_waypoint` (`entry`, `pointid`, `location_x`, `location_y`, `location_z`, `waittime`, `point_comment`) VALUES (13439, 115, 265.645, -402.066, 21.3535, 0, '');
INSERT INTO `script_waypoint` (`entry`, `pointid`, `location_x`, `location_y`, `location_z`, `waittime`, `point_comment`) VALUES (13439, 116, 273.235, -395.757, 14.3437, 0, '');
INSERT INTO `script_waypoint` (`entry`, `pointid`, `location_x`, `location_y`, `location_z`, `waittime`, `point_comment`) VALUES (13439, 117, 280.826, -389.447, 8.31594, 0, '');
INSERT INTO `script_waypoint` (`entry`, `pointid`, `location_x`, `location_y`, `location_z`, `waittime`, `point_comment`) VALUES (13439, 118, 290.37, -384.288, 4.29033, 0, '');
INSERT INTO `script_waypoint` (`entry`, `pointid`, `location_x`, `location_y`, `location_z`, `waittime`, `point_comment`) VALUES (13439, 119, 300.949, -381.58, 1.14696, 0, '');
INSERT INTO `script_waypoint` (`entry`, `pointid`, `location_x`, `location_y`, `location_z`, `waittime`, `point_comment`) VALUES (13439, 120, 311.939, -381.486, -0.643574, 0, '');
INSERT INTO `script_waypoint` (`entry`, `pointid`, `location_x`, `location_y`, `location_z`, `waittime`, `point_comment`) VALUES (13439, 121, 324.048, -381.381, -1.05498, 0, '');
INSERT INTO `script_waypoint` (`entry`, `pointid`, `location_x`, `location_y`, `location_z`, `waittime`, `point_comment`) VALUES (13439, 122, 333.636, -383.723, -0.799377, 0, '');
INSERT INTO `script_waypoint` (`entry`, `pointid`, `location_x`, `location_y`, `location_z`, `waittime`, `point_comment`) VALUES (13439, 123, 343.225, -386.065, -0.342708, 0, '');
INSERT INTO `script_waypoint` (`entry`, `pointid`, `location_x`, `location_y`, `location_z`, `waittime`, `point_comment`) VALUES (13439, 124, 355.941, -389.17, -0.400751, 0, '');
INSERT INTO `script_waypoint` (`entry`, `pointid`, `location_x`, `location_y`, `location_z`, `waittime`, `point_comment`) VALUES (13439, 125, 367.93, -390.275, -0.181524, 0, '');
INSERT INTO `script_waypoint` (`entry`, `pointid`, `location_x`, `location_y`, `location_z`, `waittime`, `point_comment`) VALUES (13439, 126, 379.755, -392.541, -1.07605, 0, '');
INSERT INTO `script_waypoint` (`entry`, `pointid`, `location_x`, `location_y`, `location_z`, `waittime`, `point_comment`) VALUES (13439, 127, 391.616, -391.278, -1.24385, 0, '');
INSERT INTO `script_waypoint` (`entry`, `pointid`, `location_x`, `location_y`, `location_z`, `waittime`, `point_comment`) VALUES (13439, 128, 403.658, -389.997, -1.23449, 0, '');
INSERT INTO `script_waypoint` (`entry`, `pointid`, `location_x`, `location_y`, `location_z`, `waittime`, `point_comment`) VALUES (13439, 129, 412.681, -386.125, -1.24386, 0, '');
INSERT INTO `script_waypoint` (`entry`, `pointid`, `location_x`, `location_y`, `location_z`, `waittime`, `point_comment`) VALUES (13439, 130, 420.773, -380.597, -1.24386, 0, '');
INSERT INTO `script_waypoint` (`entry`, `pointid`, `location_x`, `location_y`, `location_z`, `waittime`, `point_comment`) VALUES (13439, 131, 432.496, -378.179, -1.24386, 0, '');
INSERT INTO `script_waypoint` (`entry`, `pointid`, `location_x`, `location_y`, `location_z`, `waittime`, `point_comment`) VALUES (13439, 132, 449.29, -373.627, -1.24384, 0, '');
INSERT INTO `script_waypoint` (`entry`, `pointid`, `location_x`, `location_y`, `location_z`, `waittime`, `point_comment`) VALUES (13439, 133, 459.713, -370.371, -1.24388, 0, '');
INSERT INTO `script_waypoint` (`entry`, `pointid`, `location_x`, `location_y`, `location_z`, `waittime`, `point_comment`) VALUES (13439, 134, 468.969, -364.71, -1.23068, 0, '');
INSERT INTO `script_waypoint` (`entry`, `pointid`, `location_x`, `location_y`, `location_z`, `waittime`, `point_comment`) VALUES (13439, 135, 480.199, -354.378, -1.24379, 0, '');
INSERT INTO `script_waypoint` (`entry`, `pointid`, `location_x`, `location_y`, `location_z`, `waittime`, `point_comment`) VALUES (13439, 136, 490.622, -344.788, -1.24379, 0, '');
INSERT INTO `script_waypoint` (`entry`, `pointid`, `location_x`, `location_y`, `location_z`, `waittime`, `point_comment`) VALUES (13439, 137, 502.827, -337.375, -1.08518, 0, '');
INSERT INTO `script_waypoint` (`entry`, `pointid`, `location_x`, `location_y`, `location_z`, `waittime`, `point_comment`) VALUES (13439, 138, 511.109, -330.262, -1.08518, 0, '');
INSERT INTO `script_waypoint` (`entry`, `pointid`, `location_x`, `location_y`, `location_z`, `waittime`, `point_comment`) VALUES (13439, 139, 519.347, -325.144, -0.932364, 0, '');
INSERT INTO `script_waypoint` (`entry`, `pointid`, `location_x`, `location_y`, `location_z`, `waittime`, `point_comment`) VALUES (13439, 140, 527.743, -323.149, 0.742039, 0, '');
INSERT INTO `script_waypoint` (`entry`, `pointid`, `location_x`, `location_y`, `location_z`, `waittime`, `point_comment`) VALUES (13439, 141, 538.431, -320.91, 4.33723, 0, '');
INSERT INTO `script_waypoint` (`entry`, `pointid`, `location_x`, `location_y`, `location_z`, `waittime`, `point_comment`) VALUES (13439, 142, 549.308, -321.878, 10.4062, 0, '');
INSERT INTO `script_waypoint` (`entry`, `pointid`, `location_x`, `location_y`, `location_z`, `waittime`, `point_comment`) VALUES (13439, 143, 557.321, -325.564, 15.6775, 0, '');
INSERT INTO `script_waypoint` (`entry`, `pointid`, `location_x`, `location_y`, `location_z`, `waittime`, `point_comment`) VALUES (13439, 144, 567.906, -328.079, 21.7578, 0, '');
INSERT INTO `script_waypoint` (`entry`, `pointid`, `location_x`, `location_y`, `location_z`, `waittime`, `point_comment`) VALUES (13439, 145, 579.891, -332.741, 28.6584, 0, '');
INSERT INTO `script_waypoint` (`entry`, `pointid`, `location_x`, `location_y`, `location_z`, `waittime`, `point_comment`) VALUES (13439, 146, 586.087, -334.823, 30.076, 0, '');
INSERT INTO `script_waypoint` (`entry`, `pointid`, `location_x`, `location_y`, `location_z`, `waittime`, `point_comment`) VALUES (13439, 147, 607.871, -336.876, 30.2556, 0, '');
INSERT INTO `script_waypoint` (`entry`, `pointid`, `location_x`, `location_y`, `location_z`, `waittime`, `point_comment`) VALUES (13439, 148, 619.707, -328.888, 30.1336, 0, '');
INSERT INTO `script_waypoint` (`entry`, `pointid`, `location_x`, `location_y`, `location_z`, `waittime`, `point_comment`) VALUES (13439, 149, 626.782, -319.308, 30.1336, 0, '');
INSERT INTO `script_waypoint` (`entry`, `pointid`, `location_x`, `location_y`, `location_z`, `waittime`, `point_comment`) VALUES (13439, 150, 632.593, -307.505, 30.1336, 0, '');
INSERT INTO `script_waypoint` (`entry`, `pointid`, `location_x`, `location_y`, `location_z`, `waittime`, `point_comment`) VALUES (13439, 151, 635.545, -294.68, 30.1336, 0, '');
INSERT INTO `script_waypoint` (`entry`, `pointid`, `location_x`, `location_y`, `location_z`, `waittime`, `point_comment`) VALUES (13439, 152, 636.553, -281.559, 30.1496, 0, '');
INSERT INTO `script_waypoint` (`entry`, `pointid`, `location_x`, `location_y`, `location_z`, `waittime`, `point_comment`) VALUES (13439, 153, 635.753, -264.088, 31.6086, 0, '');
INSERT INTO `script_waypoint` (`entry`, `pointid`, `location_x`, `location_y`, `location_z`, `waittime`, `point_comment`) VALUES (13439, 154, 632.938, -251.304, 34.4711, 0, '');
INSERT INTO `script_waypoint` (`entry`, `pointid`, `location_x`, `location_y`, `location_z`, `waittime`, `point_comment`) VALUES (13439, 155, 629.899, -231.501, 37.5248, 0, '');
INSERT INTO `script_waypoint` (`entry`, `pointid`, `location_x`, `location_y`, `location_z`, `waittime`, `point_comment`) VALUES (13439, 156, 625.408, -212.363, 38.9649, 0, '');
INSERT INTO `script_waypoint` (`entry`, `pointid`, `location_x`, `location_y`, `location_z`, `waittime`, `point_comment`) VALUES (13439, 157, 622.977, -192.855, 38.81, 0, '');
INSERT INTO `script_waypoint` (`entry`, `pointid`, `location_x`, `location_y`, `location_z`, `waittime`, `point_comment`) VALUES (13439, 158, 621.08, -173.277, 37.0789, 0, '');
INSERT INTO `script_waypoint` (`entry`, `pointid`, `location_x`, `location_y`, `location_z`, `waittime`, `point_comment`) VALUES (13439, 159, 619.278, -154.674, 33.8723, 0, '');
INSERT INTO `script_waypoint` (`entry`, `pointid`, `location_x`, `location_y`, `location_z`, `waittime`, `point_comment`) VALUES (13439, 160, 618.091, -137.238, 33.4194, 0, '');
INSERT INTO `script_waypoint` (`entry`, `pointid`, `location_x`, `location_y`, `location_z`, `waittime`, `point_comment`) VALUES (13439, 161, 621.394, -123.401, 34.7322, 0, '');
INSERT INTO `script_waypoint` (`entry`, `pointid`, `location_x`, `location_y`, `location_z`, `waittime`, `point_comment`) VALUES (13439, 162, 624.667, -110.654, 37.8808, 0, '');
INSERT INTO `script_waypoint` (`entry`, `pointid`, `location_x`, `location_y`, `location_z`, `waittime`, `point_comment`) VALUES (13439, 163, 629.704, -98.6001, 40.7994, 0, '');
INSERT INTO `script_waypoint` (`entry`, `pointid`, `location_x`, `location_y`, `location_z`, `waittime`, `point_comment`) VALUES (13439, 164, 634.201, -80.6639, 41.4564, 0, '');
INSERT INTO `script_waypoint` (`entry`, `pointid`, `location_x`, `location_y`, `location_z`, `waittime`, `point_comment`) VALUES (13439, 165, 635.169, -64.335, 41.451, 0, '');
INSERT INTO `script_waypoint` (`entry`, `pointid`, `location_x`, `location_y`, `location_z`, `waittime`, `point_comment`) VALUES (13439, 166, 621.321, -65.9157, 39.7695, 0, '');
INSERT INTO `script_waypoint` (`entry`, `pointid`, `location_x`, `location_y`, `location_z`, `waittime`, `point_comment`) VALUES (13439, 167, 605.419, -64.291, 37.8995, 0, '');
INSERT INTO `script_waypoint` (`entry`, `pointid`, `location_x`, `location_y`, `location_z`, `waittime`, `point_comment`) VALUES (13439, 168, 592.131, -56.6612, 37.5352, 0, '');
INSERT INTO `script_waypoint` (`entry`, `pointid`, `location_x`, `location_y`, `location_z`, `waittime`, `point_comment`) VALUES (13439, 169, 579.528, -51.6938, 37.4664, 0, '');
INSERT INTO `script_waypoint` (`entry`, `pointid`, `location_x`, `location_y`, `location_z`, `waittime`, `point_comment`) VALUES (13439, 170, 574.374, -42.8414, 37.5831, 0, '');

INSERT INTO `creature_movement_template` (`entry`, `pathId`, `point`, `position_x`, `position_y`, `position_z`, `waittime`, `script_id`, `textid1`, `textid2`, `textid3`, `textid4`, `textid5`, `emote`, `spell`, `orientation`, `model1`, `model2`) VALUES (14947, 2, 1, 520.8, -43.5716, 47, 0, 0, 0, 0, 0, 0, 0, 0, 0, 0.110732, 0, 0);
INSERT INTO `creature_movement_template` (`entry`, `pathId`, `point`, `position_x`, `position_y`, `position_z`, `waittime`, `script_id`, `textid1`, `textid2`, `textid3`, `textid4`, `textid5`, `emote`, `spell`, `orientation`, `model1`, `model2`) VALUES (14947, 2, 2, 559.774, -22.7723, 74.1016, 0, 0, 0, 0, 0, 0, 0, 0, 0, 0.186913, 0, 0);
INSERT INTO `creature_movement_template` (`entry`, `pathId`, `point`, `position_x`, `position_y`, `position_z`, `waittime`, `script_id`, `textid1`, `textid2`, `textid3`, `textid4`, `textid5`, `emote`, `spell`, `orientation`, `model1`, `model2`) VALUES (14947, 2, 3, 591.389, -16.3074, 72.7455, 0, 0, 0, 0, 0, 0, 0, 0, 0, 0.284302, 0, 0);
INSERT INTO `creature_movement_template` (`entry`, `pathId`, `point`, `position_x`, `position_y`, `position_z`, `waittime`, `script_id`, `textid1`, `textid2`, `textid3`, `textid4`, `textid5`, `emote`, `spell`, `orientation`, `model1`, `model2`) VALUES (14947, 2, 4, 625.048, -29.3706, 74.062, 0, 0, 0, 0, 0, 0, 0, 0, 0, 5.2276, 0, 0);
INSERT INTO `creature_movement_template` (`entry`, `pathId`, `point`, `position_x`, `position_y`, `position_z`, `waittime`, `script_id`, `textid1`, `textid2`, `textid3`, `textid4`, `textid5`, `emote`, `spell`, `orientation`, `model1`, `model2`) VALUES (14947, 2, 5, 634.394, -63.7023, 71.4283, 0, 0, 0, 0, 0, 0, 0, 0, 0, 4.64955, 0, 0);
INSERT INTO `creature_movement_template` (`entry`, `pathId`, `point`, `position_x`, `position_y`, `position_z`, `waittime`, `script_id`, `textid1`, `textid2`, `textid3`, `textid4`, `textid5`, `emote`, `spell`, `orientation`, `model1`, `model2`) VALUES (14947, 2, 6, 631.706, -85.3231, 71.4298, 0, 0, 0, 0, 0, 0, 0, 0, 0, 4.46105, 0, 0);
INSERT INTO `creature_movement_template` (`entry`, `pathId`, `point`, `position_x`, `position_y`, `position_z`, `waittime`, `script_id`, `textid1`, `textid2`, `textid3`, `textid4`, `textid5`, `emote`, `spell`, `orientation`, `model1`, `model2`) VALUES (14947, 2, 7, 623.28, -118.139, 66.0176, 0, 0, 0, 0, 0, 0, 0, 0, 0, 4.55844, 0, 0);
INSERT INTO `creature_movement_template` (`entry`, `pathId`, `point`, `position_x`, `position_y`, `position_z`, `waittime`, `script_id`, `textid1`, `textid2`, `textid3`, `textid4`, `textid5`, `emote`, `spell`, `orientation`, `model1`, `model2`) VALUES (14947, 2, 8, 621.93, -159.891, 65.0055, 0, 0, 0, 0, 0, 0, 0, 0, 0, 4.80505, 0, 0);
INSERT INTO `creature_movement_template` (`entry`, `pathId`, `point`, `position_x`, `position_y`, `position_z`, `waittime`, `script_id`, `textid1`, `textid2`, `textid3`, `textid4`, `textid5`, `emote`, `spell`, `orientation`, `model1`, `model2`) VALUES (14947, 2, 9, 615.386, -181.554, 67.9227, 0, 0, 0, 0, 0, 0, 0, 0, 0, 3.38505, 0, 0);
INSERT INTO `creature_movement_template` (`entry`, `pathId`, `point`, `position_x`, `position_y`, `position_z`, `waittime`, `script_id`, `textid1`, `textid2`, `textid3`, `textid4`, `textid5`, `emote`, `spell`, `orientation`, `model1`, `model2`) VALUES (14947, 2, 10, 529.32, -204.998, 36.5165, 0, 0, 0, 0, 0, 0, 0, 0, 0, 0.315718, 0, 0);
INSERT INTO `creature_movement_template` (`entry`, `pathId`, `point`, `position_x`, `position_y`, `position_z`, `waittime`, `script_id`, `textid1`, `textid2`, `textid3`, `textid4`, `textid5`, `emote`, `spell`, `orientation`, `model1`, `model2`) VALUES (14947, 2, 11, 466.159, -242.558, 34.8285, 0, 0, 0, 0, 0, 0, 0, 0, 0, 3.85001, 0, 0);
INSERT INTO `creature_movement_template` (`entry`, `pathId`, `point`, `position_x`, `position_y`, `position_z`, `waittime`, `script_id`, `textid1`, `textid2`, `textid3`, `textid4`, `textid5`, `emote`, `spell`, `orientation`, `model1`, `model2`) VALUES (14948, 1, 1, -1248.62, -348.403, 89.4532, 0, 0, 0, 0, 0, 0, 0, 0, 0, 5.04068, 0, 0);
INSERT INTO `creature_movement_template` (`entry`, `pathId`, `point`, `position_x`, `position_y`, `position_z`, `waittime`, `script_id`, `textid1`, `textid2`, `textid3`, `textid4`, `textid5`, `emote`, `spell`, `orientation`, `model1`, `model2`) VALUES (14948, 1, 2, -1241.9, -361.903, 89.7395, 0, 0, 0, 0, 0, 0, 0, 0, 0, 5.48365, 0, 0);
INSERT INTO `creature_movement_template` (`entry`, `pathId`, `point`, `position_x`, `position_y`, `position_z`, `waittime`, `script_id`, `textid1`, `textid2`, `textid3`, `textid4`, `textid5`, `emote`, `spell`, `orientation`, `model1`, `model2`) VALUES (14948, 1, 3, -1224.86, -369.515, 87.7835, 0, 0, 0, 0, 0, 0, 0, 0, 0, 0.056545, 0, 0);
INSERT INTO `creature_movement_template` (`entry`, `pathId`, `point`, `position_x`, `position_y`, `position_z`, `waittime`, `script_id`, `textid1`, `textid2`, `textid3`, `textid4`, `textid5`, `emote`, `spell`, `orientation`, `model1`, `model2`) VALUES (14948, 1, 4, -1197, -364.448, 83.4483, 0, 0, 0, 0, 0, 0, 0, 0, 0, 0.254466, 0, 0);
INSERT INTO `creature_movement_template` (`entry`, `pathId`, `point`, `position_x`, `position_y`, `position_z`, `waittime`, `script_id`, `textid1`, `textid2`, `textid3`, `textid4`, `textid5`, `emote`, `spell`, `orientation`, `model1`, `model2`) VALUES (14948, 1, 5, -1182.65, -350.367, 82.6618, 0, 0, 0, 0, 0, 0, 0, 0, 0, 1.87396, 0, 0);
INSERT INTO `creature_movement_template` (`entry`, `pathId`, `point`, `position_x`, `position_y`, `position_z`, `waittime`, `script_id`, `textid1`, `textid2`, `textid3`, `textid4`, `textid5`, `emote`, `spell`, `orientation`, `model1`, `model2`) VALUES (14948, 1, 6, -1197.64, -318.425, 86.406, 0, 0, 0, 0, 0, 0, 0, 0, 0, 2.26666, 0, 0);
INSERT INTO `creature_movement_template` (`entry`, `pathId`, `point`, `position_x`, `position_y`, `position_z`, `waittime`, `script_id`, `textid1`, `textid2`, `textid3`, `textid4`, `textid5`, `emote`, `spell`, `orientation`, `model1`, `model2`) VALUES (14948, 1, 7, -1185.65, -282.03, 103.325, 0, 0, 0, 0, 0, 0, 0, 0, 0, 1.7263, 0, 0);
INSERT INTO `creature_movement_template` (`entry`, `pathId`, `point`, `position_x`, `position_y`, `position_z`, `waittime`, `script_id`, `textid1`, `textid2`, `textid3`, `textid4`, `textid5`, `emote`, `spell`, `orientation`, `model1`, `model2`) VALUES (14948, 1, 8, -1203.05, -263.139, 102.528, 0, 0, 0, 0, 0, 0, 0, 0, 0, 3.34422, 0, 0);
INSERT INTO `creature_movement_template` (`entry`, `pathId`, `point`, `position_x`, `position_y`, `position_z`, `waittime`, `script_id`, `textid1`, `textid2`, `textid3`, `textid4`, `textid5`, `emote`, `spell`, `orientation`, `model1`, `model2`) VALUES (14948, 1, 9, -1221.34, -282.096, 103.369, 0, 0, 0, 0, 0, 0, 0, 0, 0, 4.08093, 0, 0);
INSERT INTO `creature_movement_template` (`entry`, `pathId`, `point`, `position_x`, `position_y`, `position_z`, `waittime`, `script_id`, `textid1`, `textid2`, `textid3`, `textid4`, `textid5`, `emote`, `spell`, `orientation`, `model1`, `model2`) VALUES (14948, 1, 10, -1235.94, -316.7, 91.3602, 0, 0, 0, 0, 0, 0, 0, 0, 0, 4.17046, 0, 0);
INSERT INTO `creature_movement_template` (`entry`, `pathId`, `point`, `position_x`, `position_y`, `position_z`, `waittime`, `script_id`, `textid1`, `textid2`, `textid3`, `textid4`, `textid5`, `emote`, `spell`, `orientation`, `model1`, `model2`) VALUES (14948, 1, 11, -1245.4, -337.471, 89.3158, 0, 0, 0, 0, 0, 0, 0, 0, 0, 4.23172, 0, 0);
INSERT INTO `creature_movement_template` (`entry`, `pathId`, `point`, `position_x`, `position_y`, `position_z`, `waittime`, `script_id`, `textid1`, `textid2`, `textid3`, `textid4`, `textid5`, `emote`, `spell`, `orientation`, `model1`, `model2`) VALUES (14947, 1, 1, -1348.7, -289.173, 120.941, 0, 0, 0, 0, 0, 0, 0, 0, 0, 3.80289, 0, 0);
INSERT INTO `creature_movement_template` (`entry`, `pathId`, `point`, `position_x`, `position_y`, `position_z`, `waittime`, `script_id`, `textid1`, `textid2`, `textid3`, `textid4`, `textid5`, `emote`, `spell`, `orientation`, `model1`, `model2`) VALUES (14947, 1, 2, -1358.05, -308.881, 122.023, 0, 0, 0, 0, 0, 0, 0, 0, 0, 4.55766, 0, 0);
INSERT INTO `creature_movement_template` (`entry`, `pathId`, `point`, `position_x`, `position_y`, `position_z`, `waittime`, `script_id`, `textid1`, `textid2`, `textid3`, `textid4`, `textid5`, `emote`, `spell`, `orientation`, `model1`, `model2`) VALUES (14947, 1, 3, -1350.5, -329.243, 91.206, 0, 0, 0, 0, 0, 0, 0, 0, 0, 6.09625, 0, 0);
INSERT INTO `creature_movement_template` (`entry`, `pathId`, `point`, `position_x`, `position_y`, `position_z`, `waittime`, `script_id`, `textid1`, `textid2`, `textid3`, `textid4`, `textid5`, `emote`, `spell`, `orientation`, `model1`, `model2`) VALUES (14947, 1, 4, -1335.82, -329.122, 120.946, 0, 0, 0, 0, 0, 0, 0, 0, 0, 0.796388, 0, 0);
INSERT INTO `creature_movement_template` (`entry`, `pathId`, `point`, `position_x`, `position_y`, `position_z`, `waittime`, `script_id`, `textid1`, `textid2`, `textid3`, `textid4`, `textid5`, `emote`, `spell`, `orientation`, `model1`, `model2`) VALUES (14947, 1, 5, -1323.91, -309.495, 91.6505, 0, 0, 0, 0, 0, 0, 0, 0, 0, 1.43413, 0, 0);
INSERT INTO `creature_movement_template` (`entry`, `pathId`, `point`, `position_x`, `position_y`, `position_z`, `waittime`, `script_id`, `textid1`, `textid2`, `textid3`, `textid4`, `textid5`, `emote`, `spell`, `orientation`, `model1`, `model2`) VALUES (14947, 1, 6, -1328.09, -293.909, 120.56, 0, 0, 0, 0, 0, 0, 0, 0, 0, 2.12214, 0, 0);
INSERT INTO `creature_movement_template` (`entry`, `pathId`, `point`, `position_x`, `position_y`, `position_z`, `waittime`, `script_id`, `textid1`, `textid2`, `textid3`, `textid4`, `textid5`, `emote`, `spell`, `orientation`, `model1`, `model2`) VALUES (14947, 1, 7, -1339.1, -291.941, 120.948, 0, 0, 0, 0, 0, 0, 0, 0, 0, 2.51484, 0, 0);
INSERT INTO `creature_movement_template` (`entry`, `pathId`, `point`, `position_x`, `position_y`, `position_z`, `waittime`, `script_id`, `textid1`, `textid2`, `textid3`, `textid4`, `textid5`, `emote`, `spell`, `orientation`, `model1`, `model2`) VALUES (14946, 1, 1, -1074.03, -324.18, 96.7436, 0, 0, 0, 0, 0, 0, 0, 0, 0, 3.65916, 0, 0);
INSERT INTO `creature_movement_template` (`entry`, `pathId`, `point`, `position_x`, `position_y`, `position_z`, `waittime`, `script_id`, `textid1`, `textid2`, `textid3`, `textid4`, `textid5`, `emote`, `spell`, `orientation`, `model1`, `model2`) VALUES (14946, 1, 2, -1099.95, -320.144, 97.1419, 0, 0, 0, 0, 0, 0, 0, 0, 0, 3.20206, 0, 0);
INSERT INTO `creature_movement_template` (`entry`, `pathId`, `point`, `position_x`, `position_y`, `position_z`, `waittime`, `script_id`, `textid1`, `textid2`, `textid3`, `textid4`, `textid5`, `emote`, `spell`, `orientation`, `model1`, `model2`) VALUES (14946, 1, 3, -1122.24, -335.332, 92.1999, 0, 0, 0, 0, 0, 0, 0, 0, 0, 3.89006, 0, 0);
INSERT INTO `creature_movement_template` (`entry`, `pathId`, `point`, `position_x`, `position_y`, `position_z`, `waittime`, `script_id`, `textid1`, `textid2`, `textid3`, `textid4`, `textid5`, `emote`, `spell`, `orientation`, `model1`, `model2`) VALUES (14946, 1, 4, -1123.6, -354.995, 91.5012, 0, 0, 0, 0, 0, 0, 0, 0, 0, 5.62187, 0, 0);
INSERT INTO `creature_movement_template` (`entry`, `pathId`, `point`, `position_x`, `position_y`, `position_z`, `waittime`, `script_id`, `textid1`, `textid2`, `textid3`, `textid4`, `textid5`, `emote`, `spell`, `orientation`, `model1`, `model2`) VALUES (14946, 1, 5, -1101.86, -369.544, 91.4672, 0, 0, 0, 0, 0, 0, 0, 0, 0, 6.11196, 0, 0);
INSERT INTO `creature_movement_template` (`entry`, `pathId`, `point`, `position_x`, `position_y`, `position_z`, `waittime`, `script_id`, `textid1`, `textid2`, `textid3`, `textid4`, `textid5`, `emote`, `spell`, `orientation`, `model1`, `model2`) VALUES (14946, 1, 6, -1070.66, -363.905, 91.3896, 0, 0, 0, 0, 0, 0, 0, 0, 0, 6.0719, 0, 0);
INSERT INTO `creature_movement_template` (`entry`, `pathId`, `point`, `position_x`, `position_y`, `position_z`, `waittime`, `script_id`, `textid1`, `textid2`, `textid3`, `textid4`, `textid5`, `emote`, `spell`, `orientation`, `model1`, `model2`) VALUES (14946, 1, 7, -1042.04, -366.136, 93.3242, 0, 0, 0, 0, 0, 0, 0, 0, 0, 0.3275, 0, 0);
INSERT INTO `creature_movement_template` (`entry`, `pathId`, `point`, `position_x`, `position_y`, `position_z`, `waittime`, `script_id`, `textid1`, `textid2`, `textid3`, `textid4`, `textid5`, `emote`, `spell`, `orientation`, `model1`, `model2`) VALUES (14946, 1, 8, -1021.8, -369.543, 94.5368, 0, 0, 0, 0, 0, 0, 0, 0, 0, 1.10347, 0, 0);
INSERT INTO `creature_movement_template` (`entry`, `pathId`, `point`, `position_x`, `position_y`, `position_z`, `waittime`, `script_id`, `textid1`, `textid2`, `textid3`, `textid4`, `textid5`, `emote`, `spell`, `orientation`, `model1`, `model2`) VALUES (14946, 1, 9, -1018.71, -342.956, 99.6429, 0, 0, 0, 0, 0, 0, 0, 0, 0, 2.09543, 0, 0);
INSERT INTO `creature_movement_template` (`entry`, `pathId`, `point`, `position_x`, `position_y`, `position_z`, `waittime`, `script_id`, `textid1`, `textid2`, `textid3`, `textid4`, `textid5`, `emote`, `spell`, `orientation`, `model1`, `model2`) VALUES (14946, 1, 10, -1035.32, -323.01, 98.7376, 0, 0, 0, 0, 0, 0, 0, 0, 0, 2.99236, 0, 0);
INSERT INTO `creature_movement_template` (`entry`, `pathId`, `point`, `position_x`, `position_y`, `position_z`, `waittime`, `script_id`, `textid1`, `textid2`, `textid3`, `textid4`, `textid5`, `emote`, `spell`, `orientation`, `model1`, `model2`) VALUES (14946, 1, 11, -1063.39, -320.63, 97.7599, 0, 0, 0, 0, 0, 0, 0, 0, 0, 3.26018, 0, 0);

UPDATE `mangos`.`creature_template` SET `InhabitType`='7', `UnitFlags`='32768', `ExtraFlags`='131072', `SpeedWalk`='5', `SpeedRun`='3', `MovementType`='2' WHERE  `Entry`=14946;
UPDATE `mangos`.`creature_template` SET `InhabitType`='7', `UnitFlags`='32768', `ExtraFlags`='131072', `SpeedWalk`='5', `SpeedRun`='3', `MovementType`='2' WHERE  `Entry`=14947;
UPDATE `mangos`.`creature_template` SET `InhabitType`='7', `UnitFlags`='32768', `ExtraFlags`='131072', `SpeedWalk`='5', `SpeedRun`='3', `MovementType`='2' WHERE  `Entry`=14948;